-- phpMyAdmin SQL Dump
-- version 4.2.11
-- http://www.phpmyadmin.net
--
-- Хост: 127.0.0.1
-- Время создания: Апр 21 2015 г., 09:52
-- Версия сервера: 5.6.21
-- Версия PHP: 5.6.3

SET SQL_MODE = "NO_AUTO_VALUE_ON_ZERO";
SET time_zone = "+00:00";


/*!40101 SET @OLD_CHARACTER_SET_CLIENT=@@CHARACTER_SET_CLIENT */;
/*!40101 SET @OLD_CHARACTER_SET_RESULTS=@@CHARACTER_SET_RESULTS */;
/*!40101 SET @OLD_COLLATION_CONNECTION=@@COLLATION_CONNECTION */;
/*!40101 SET NAMES utf8 */;

--
-- База данных: `yboard`
--

-- --------------------------------------------------------

--
-- Структура таблицы `adverts`
--

CREATE TABLE IF NOT EXISTS `adverts` (
`id` int(11) NOT NULL,
  `name` varchar(121) DEFAULT NULL,
  `user_id` int(1) DEFAULT NULL,
  `category_id` int(2) DEFAULT NULL,
  `location` int(11) NOT NULL,
  `type` int(1) DEFAULT '1',
  `views` int(1) DEFAULT '0',
  `text` varchar(1822) DEFAULT NULL,
  `fields` varchar(1000) NOT NULL,
  `price` float NOT NULL,
  `currency` int(11) NOT NULL,
  `created_at` datetime DEFAULT NULL,
  `updated_at` datetime DEFAULT NULL,
  `gallery_id` int(3) DEFAULT '0',
  `youtube_id` varchar(50) DEFAULT ''
) ENGINE=MyISAM AUTO_INCREMENT=418 DEFAULT CHARSET=utf8;

--
-- Дамп данных таблицы `adverts`
--

INSERT INTO `adverts` (`id`, `name`, `user_id`, `category_id`, `location`, `type`, `views`, `text`, `fields`, `price`, `currency`, `created_at`, `updated_at`, `gallery_id`, `youtube_id`) VALUES
(391, 'Охранник', 2, 8, 0, 0, 6, 'Ищу работу охранником с понедельной оплатой труда.', '', 0, 0, '2015-03-09 00:00:00', '0000-00-00 00:00:00', 723, NULL),
(392, 'Охранник, оператор, аппаратчик, машинист', 2, 8, 0, 0, 1, 'Ищу работу Охранника, оператора технологических установок в нефтехимической отрасли,оператора котельных,аппаратчика химпроизводства и воздухоразделения(АКС),машиниста насосных-компрессорных станций.Стаж 10 лет', '', 0, 0, '2015-03-10 00:00:00', '0000-00-00 00:00:00', 724, NULL),
(393, 'Поиск фрилансеров', 2, 7, 0, 1, 1, 'Молодая, перспективная биржа удаленной работы ищет талантливых и креативных фрилансеров в сфере наружной рекламы, \r\n BTL-маркетинга, печатной рекламы, радио рекламы. Вас ждет много интересной и творческой работы. Высокая заработная плата. Звоните, возможно, мы ищем именно вас.', '', 0, 0, '2015-03-08 00:00:00', '0000-00-00 00:00:00', 725, NULL),
(394, 'Требуется менеджер по продажам', 2, 7, 0, 1, 0, 'Компании, занимающейся производством и монтажом металлоизделий (ворота, решетки, двери, заборы, навесы и т.д.) в городе Ростове-на-Дону, требуется менеджер по продажам.\r\n\r\nОбязанности.\r\n\r\nВыезд на заказ,\r\n\r\n— выявление потребности клиента,\r\n\r\n— продажа того что клиенту необходимо,\r\n\r\n— заключение договора,\r\n\r\n— замер всех параметров металлоизделия,\r\n\r\n— заключение договора,\r\n\r\n— общение с клиентом, пока изделие находится в производстве\r\n\r\nТребование.\r\n\r\n1 Техническое мышление и образование желательно.\r\n\r\n2 Наличие автомобиля обязательно.\r\n\r\n3 Опыт работы замерщиком/менеджером в аналогичной компании\r\n\r\n4 Понимание производственных процессов разработки металлоизделий и материалов используемых при изготовлении.\r\n\r\n5. Умение рисовать и разрабатывать дизайн изделий является серьезным преимуществом.\r\n\r\n6. Обязательно опыт замеров дверей, перил, решеток, навесов, ворот, заборов.\r\n\r\nУсловия:\r\n\r\nЗ/п от 30000 р.\r\n\r\n5 дневная рабочая неделя (иногда есть необходимость в замерах в субботу) Обучение.\r\n\r\nОформление по ТК РФ.', '', 0, 0, '2015-03-08 00:00:00', '0000-00-00 00:00:00', 726, ''),
(395, 'Сниму 1-к квартиру', 2, 10, 0, 0, 2, 'Молодая русская семья,в которой ожидается пополнение,снимет на длительный срок однокомнатную квартиру в районе метро Выхино.Гарантируем чистоту,порядок и своевременную квартплату.', '', 0, 0, '2015-03-12 00:00:00', '0000-00-00 00:00:00', 727, NULL),
(396, 'Британские плюшевые Серебристые котята мраморные и тебби (Вискас)', 2, 19, 0, 1, 1, 'Московский питомник элитных кошек GREGORI al GATO 89258509506 предлагает к продаже Британских плюшевых котят Эксклюзивных окрасов: Серебристая шиншилла с изумрудными глазками! Серебристая шиншилла - пойнт с сапфировыми глазками! Серебрыстые мраморные и тебби (Вискас) Котята отличного породного типа, с большими яркими глазками. Выращены для Вас с любовью! Тел: 8(916)916-60-66, 8(925)850-95-06 http://gregorialgato.narod.ru/kotata.html', '', 0, 0, '2015-03-08 00:00:00', '0000-00-00 00:00:00', 728, NULL),
(397, 'Волнистые попугаи(разного возраста)', 2, 20, 0, 1, 1, 'Продаю волнистых попугаев своего разведения. Птенцам от 35 дней,так же есть птички разного возраста и окраса. Покупая птицу вы берете ответственность на всю жизнь,я вам гарантирую здоровую активную птицу способную к приручению и обучению разговаривать. тел 89629093432', '', 0, 0, '2015-03-08 00:00:00', '0000-00-00 00:00:00', 729, ''),
(398, 'Iron eagle DD50', 2, 16, 0, 1, 1, 'Продаю чепер, двигатель Suzuki 125cc , механика,максимальная скорость 130км/ч , очень жалко отдавать но срочно нужны деньги. не требует регистрации в ГИБДД !!! (Торг на месте)', '', 0, 0, '2015-03-08 00:00:00', '0000-00-00 00:00:00', 730, NULL),
(399, 'аквариумные рыбки', 2, 21, 0, 1, 7, 'Самый большой ассортимент аквариумных рыбок, беспозвоночных, амфибий (ширпотреб). Обновление прайса еженедельно. Прайс отправляю по запросу. Условия, вопросы, консультации - по телефону. Отправка из Харькова', '', 0, 0, '2015-03-08 00:00:00', '0000-00-00 00:00:00', 732, NULL),
(409, 'Продаю Ferrari', 1, 6, 0, 1, 2, 'Продаю Ferrari', 'a:1:{s:5:"price";s:3:"200";}', 0, 0, '2015-03-15 10:38:10', '2015-03-15 10:38:10', 746, NULL),
(410, 'Продаю Ferrari', 1, 6, 0, 1, 49, 'Продаю Ferrari', 'a:1:{s:5:"price";s:3:"200";}', 0, 0, '2015-03-15 10:38:38', '2015-03-15 10:38:38', 748, NULL),
(408, 'Услуги парикмахера ', 1, 6, 0, 1, 8, 'Парикмахер на дому или в салоне. Для торжест свадеб, вечерние прически ', 'a:1:{s:5:"price";s:0:"200";}', 0, 0, '2015-03-15 10:29:31', '2015-03-15 10:29:31', 744, NULL),
(411, 'Красовки ', 77, 26, 0, 1, 13, 'Много красовок', 'a:1:{s:5:"price";s:3:"200";}', 0, 0, '2015-03-19 20:48:49', NULL, 749, NULL),
(412, 'Продажа распродажа ', 1, 16, 0, 1, 9, 'Продажа распродажа ', 'a:1:{s:5:"price";s:3:"455";}', 0, 0, '2015-03-21 00:27:09', NULL, 750, NULL),
(413, 'Продажа', 1, 7, 0, 1, 37, 'azczxczxczxczxc zxc dsa dasd asd asd', 'a:3:{s:5:"price";s:20:"вапыавпавы";s:11:"obrazovnaie";s:1:"1";s:4:"opyt";s:2:"on";}', 0, 0, '2015-03-26 12:03:22', NULL, 751, NULL),
(414, 'Продаю детские вещи', 1, 27, 0, 1, 6, 'Продаю детские вещи', 'a:1:{s:5:"price";s:3:"200";}', 0, 0, '2015-04-20 19:21:42', NULL, 752, NULL),
(415, 'Про страусов', 1, 27, 0, 1, 2, 'Про страусов', 'N;', 2000, 0, '2015-04-20 19:31:09', NULL, 753, NULL),
(416, 'Сандали', 1, 26, 0, 1, 19, 'Сандали хорошие ', 'N;', 2000, 1, '2015-04-20 19:46:31', NULL, 754, NULL),
(417, 'Хомяк', 0, 18, 0, 1, 4, 'Хомяк большой прикольный ', 'N;', 20, 0, '2015-04-21 10:39:34', '2015-04-21 10:39:34', 756, NULL);

-- --------------------------------------------------------

--
-- Структура таблицы `article`
--

CREATE TABLE IF NOT EXISTS `article` (
`id` int(11) unsigned NOT NULL,
  `lft` int(11) DEFAULT NULL,
  `rgt` int(11) DEFAULT NULL,
  `level` smallint(3) DEFAULT NULL,
  `parent_id` int(11) DEFAULT NULL,
  `type` smallint(1) DEFAULT NULL,
  `url` varchar(255) DEFAULT NULL,
  `name` varchar(255) DEFAULT NULL,
  `title` varchar(255) DEFAULT NULL,
  `content` text,
  `layout` varchar(255) DEFAULT NULL,
  `section` varchar(255) DEFAULT NULL,
  `subsection` varchar(255) DEFAULT NULL,
  `overview_page` tinyint(1) DEFAULT NULL,
  `keywords` varchar(255) DEFAULT NULL,
  `description` varchar(255) DEFAULT NULL,
  `access_level` tinyint(1) DEFAULT NULL
) ENGINE=InnoDB AUTO_INCREMENT=3 DEFAULT CHARSET=utf8;

--
-- Дамп данных таблицы `article`
--

INSERT INTO `article` (`id`, `lft`, `rgt`, `level`, `parent_id`, `type`, `url`, `name`, `title`, `content`, `layout`, `section`, `subsection`, `overview_page`, `keywords`, `description`, `access_level`) VALUES
(1, 0, 3, 0, 0, 0, '/', 'Site index', '', '', NULL, NULL, NULL, NULL, NULL, NULL, NULL),
(2, 1, 2, 1, 1, 1, 'articles/good-advert.html', 'Как составить грамотное объявление', '', '<p>\r\n	<font size="3"><strong>Как составить эффективное объявление для доски объявлений</strong></font></p>\r\n<p>\r\n	<font size="2">Как грамотно составить свое объявление для доски объявлений? На какое объявление будет бОльший отклик? Потренируемся составлять эффективные объявления.<br />\r\n	<br />\r\n	<b>1.</b> <b>Обратите внимание на заполнение реквизитов.</b> Автор объявления должен быть реальной личностью или реально существующей фирмой. Лично я обращаю внимание только на объявления с максимально достоверно представленной информацией: указано название фирмы, либо фамилия и имя физического лица - автора объявления. Если автором объявления является Энтузиаст или Nick - то относитесь к такому объявлению осторожно.&nbsp;<br />\r\n	Некоторая раскрепощенность некоторых пользователей Интернета не всегда соответствует месту этого раскрепощения. Я уже столкнулась с ситуацией, когда серьезная фирма, услугами которой я не прочь бы воспользоваться, пишет на одной из своих страниц: &quot;Вы сюда попали случайно. Наверное, потому, что Ваши глаза залиты пивом, а руки Ваши трясутся&quot;. Старайтесь не опускаться до такого уровня и, в частности, не подписывайте свои объявления словами &quot;Дон Жуан&quot; или &quot;Космонавт&quot;.<br />\r\n	<br />\r\n	<b>2. Пишите интересно.</b> Ваше объявление должно обратить на себя внимание при первом же брошенном на него взгляде. Если вы напишите: &quot;Ищем региональных представителей&quot; или &quot;Студия web-дизайна ищет распространителей ее услуг&quot; - это не интересно. Мало того, таких объявлений великое множество. Ваше объявление должно быть интригующим, чтобы выделиться среди подобных.<br />\r\n	<br />\r\n	Сравним два объявления: &quot;<font size="2">Вам предоставляется уникальная возможность, стать дистрибьютором косметической фирмы. Ваши возможности в заработке не ограничены. Это не бизнес в традиционном понимании и не хождение по учреждениям с предложением купить товар. Измените свою жизнь. Прикоснитесь к прекрасному. Все подробности при переписке&quot;.<br />\r\n	<br />\r\n	Это неплохое объявление. Но оно не манит. Оно слишком спокойное. Мимо такого объявления можно пройти и тут же забыть его.<br />\r\n	<br />\r\n	Другое объявление: &quot;Вы давно не были во Франции? Романтика, замечательные приключения, ароматы любви - все это напомнят вам духи &quot;Венера&quot;. Мы приглашаем вас в мир манящих запахов и острых ощущений! Как только вы станете нашим представителем - вы снова окажетесь в Париже!&quot;<br />\r\n	<br />\r\n	Людей привлекает интригующий вопрос о возможности вашего посещения этой замечательной страны. Возможно, они никогда не были во Франции, но побывать там мало кто откажется.<br />\r\n	<br />\r\n	Еще интересный прием - от противного. Не тешить чувственные струны, а совсем наоборот - играть на страхе и других отрицательных ощущениях. Причем не издеваться над читателями, а предлагать им избавиться от неприятностей.<br />\r\n	<br />\r\n	Приведу пример. Правда, этот пример основывается не на объявлении, а на ссылке, но положительный результат будет присутствовать и в подобном же объявлении. Мой сайт участвует в системе обмена ссылками <a href="http://www.clickexchange.ru/" rel="nofollow" target="_blank">ClickExchange.ru</a> . Чем мне нравится такая система - возможностью постоянно экспериментировать со своими текстовыми ссылками. Пробуя различные текстовые ссылки, анализируя их откликаемость, я уже вижу, какое объявление будет иметь бОльший успех. И вот, очень большой успех имела моя ссылка <b>&quot;Устали от бухучета?&quot; </b>(я набирала студентов в Институт экономики и права Аксенова, где одна из специальностей как раз и есть бухучет). Бухучет - это головная боль всех директоров предприятий. Конечно, они от него устали - и решили найти решение своей проблемы на моей ссылке.<br />\r\n	<br />\r\n	Вы можете потренироваться в составлении интересных объявлений. Вы можете заглянуть на многочисленные доски, просмотреть размещаемые на них объявления и подумать, на какое из них вы бы откликнулись?<br />\r\n	<br />\r\n	Лично я однажды наткнулась на одно американское объявление, которое меня ужасно заинтересовало. <b>&quot;Ищу восемь человек, желающих зарабатывать $20 000 в неделю&quot;</b>. Меня заинтриговало число &quot;восемь&quot;. Почему это требуется именно 8 человек, а не 10 или 20? И почему таких людей надо искать? Разве не должны они сами слететься как мухи на мед в огромном количестве?<br />\r\n	<br />\r\n	<b>3. Пишите не слишком много.</b> Если вы в объявлении начнете расписывать все характеристики вашей замечательной продукции, да еще в таких обозначениях, сокращениях, которые простому человеку не понятны - ваш потенциальный партнер перейдет к соседнему объявлению.<br />\r\n	<br />\r\n	<b>4. Пишите конкретно.</b> Обязательно укажите предмет, с которым вы работаете - будь то трубы, металл, или экзотические насекомые. Многих ваших читателей интересуют не только условия работы, но и предмет, с которым придется работать.<br />\r\n	<br />\r\n	<b>5. Размещайте свое объявление с допускаемой периодичностью</b>. Это правило соблюдать непросто, потому что придется запомнить для каждой конкретной доски скорость ее наполняемости новыми объявлениями. Есть доски и рубрики, новые объявления в которых появляются сплошным потоком. На таких досках можно и нужно размещать свое объявление каждый день. На других досках - частота появления новых объявлений реже. И если на одном экране доски встретится сразу несколько ваших объявлений, это принесет не столько пользу, сколько вред. Так как у посетителей доски появится аллергия к вашему объявлению, к вашему проекту и к вам лично.<br />\r\n	<br />\r\n	<b>6. Постоянно меняйте текст вашего объявления</b>. В одном случае читателей заинтересует одна фраза вашего объявления, в другом вашем объявлении их заинтересует что-то другое. Если в первом объявлении вы можете отметить высокий заработок для вступивших в ваш бизнес людей, то в другом объявлении вы обратите внимание на интересность работы, которую вы предлагаете, или на возможность покупать ваш товар со значительной скидкой.<br />\r\n	<br />\r\n	<b>7. Проявляйте умеренный энтузиазм.</b> Интернет заполонен различными пирамидами, сказками о мгновенных заработках - все эти объявления рассчитаны на простачков и заманивают к себе большим количеством восклицательных знаков и многозначными цифрами ваших возможных доходов. Поэтому будьте осторожными при проявлении энтузиазма. Серьезные люди вас не поймут.<br />\r\n	<br />\r\n	Подытоживая сказанное: <b>будьте честны и интересны</b>.</font></font></p>\r\n<p>\r\n	&nbsp;</p>\r\n<p>\r\n	<a href="http://www.meddesk.ru/effective_mes.asp"><font size="2"><font size="2">http://www.meddesk.ru/effective_mes.asp</font></font><br />\r\n	</a></p>\r\n', '', '', '', NULL, '', '', 0);

-- --------------------------------------------------------

--
-- Структура таблицы `category`
--

CREATE TABLE IF NOT EXISTS `category` (
`id` int(11) NOT NULL,
  `name` varchar(37) DEFAULT NULL,
  `meta_title` varchar(300) NOT NULL,
  `meta_descr` varchar(500) NOT NULL,
  `meta_key` varchar(500) NOT NULL,
  `description` text NOT NULL,
  `icon` varchar(10) DEFAULT NULL,
  `fields` varchar(1000) NOT NULL,
  `root` int(2) DEFAULT NULL,
  `lft` int(2) DEFAULT NULL,
  `rgt` int(2) DEFAULT NULL,
  `level` int(1) DEFAULT NULL
) ENGINE=MyISAM AUTO_INCREMENT=31 DEFAULT CHARSET=utf8;

--
-- Дамп данных таблицы `category`
--

INSERT INTO `category` (`id`, `name`, `meta_title`, `meta_descr`, `meta_key`, `description`, `icon`, `fields`, `root`, `lft`, `rgt`, `level`) VALUES
(1, 'Работа и бизнес', 'категория про бизнес', '', '', '', '', '', 88, 1, 10, 1),
(2, 'Недвижимость', '', '', '', '', '', '', 89, 1, 10, 1),
(3, 'Транспорт', '', '', '', '', '', '', 90, 1, 10, 1),
(4, 'Животные', '', '', '', '', '', '', 91, 1, 12, 1),
(5, 'Разное', '', '', '', '', '', '', 92, 1, 2, 1),
(6, 'Услуги', '', '', '', '', '', '', 93, 1, 2, 1),
(7, 'Вакансии', '', '', '', '', '', '', 88, 6, 7, 2),
(8, 'Ищут работу', '', '', '', '', '', '', 88, 8, 9, 2),
(9, 'Курсы, образование', '', '', '', '', '', '', 88, 2, 5, 2),
(10, 'Квартиры', '', '', '', '', '', '', 89, 2, 3, 2),
(11, 'Офисы', '', '', '', '', '', '', 89, 4, 5, 2),
(12, 'Земля и участки', '', '', '', '', '', '', 89, 6, 7, 2),
(13, 'Гаражи', '', '', '', '', '', '', 89, 8, 9, 2),
(14, 'Легковые авто', '', '', '', '', '', '', 90, 2, 3, 2),
(15, 'Грузовые автомобили', '', '', '', '', '', '', 90, 6, 7, 2),
(16, 'Мото транспорт', '', '', '', '', '', '', 90, 4, 5, 2),
(17, 'Велосипеды', '', '', '', '', '', '', 90, 8, 9, 2),
(18, 'Грызуны', '', '', '', '', '', '', 91, 2, 3, 2),
(19, 'Кошки', '', '', '', '', '', '', 91, 6, 7, 2),
(20, 'Птицы', '', '', '', '', '', '', 91, 4, 5, 2),
(21, 'Рыбы', '', '', '', '', '', '', 91, 8, 9, 2),
(22, 'Собаки', '', '', '', '', '', '', 91, 10, 11, 2),
(27, 'Детский мир', '', '', '', '', '', '', 97, 1, 2, 1),
(24, 'Телефоны и связь', '', '', '', '', '', '', 95, 1, 2, 1),
(25, 'Компьютеры и оргтехника', '', '', '', '', '', '', 96, 1, 2, 1),
(26, 'Одежда и обувь', '', '', '', '', '', '', 94, 1, 2, 1),
(28, 'Спорт, здоровье, красота', '', '', '', '', '', '', 98, 1, 2, 1),
(29, 'Все для дома и офиса', '', '', '', '', '', '', 99, 1, 2, 1),
(30, ' Знакомства и поздравления', '', '', '', '', '', '', 100, 1, 2, 1);

-- --------------------------------------------------------

--
-- Структура таблицы `company`
--

CREATE TABLE IF NOT EXISTS `company` (
`id` int(11) NOT NULL,
  `user_id` int(11) NOT NULL,
  `profile_id` int(11) NOT NULL,
  `name` varchar(400) NOT NULL,
  `address` varchar(400) NOT NULL,
  `description` varchar(400) NOT NULL,
  `gallery_id` int(11) NOT NULL
) ENGINE=MyISAM DEFAULT CHARSET=utf8;

-- --------------------------------------------------------

--
-- Структура таблицы `config`
--

CREATE TABLE IF NOT EXISTS `config` (
  `key` varchar(100) NOT NULL,
  `value` text
) ENGINE=MyISAM DEFAULT CHARSET=utf8;

-- --------------------------------------------------------

--
-- Структура таблицы `favorites`
--

CREATE TABLE IF NOT EXISTS `favorites` (
`id` int(11) NOT NULL,
  `user_id` int(11) NOT NULL DEFAULT '0',
  `obj_id` int(11) NOT NULL DEFAULT '0',
  `obj_type` int(11) NOT NULL DEFAULT '0'
) ENGINE=MyISAM AUTO_INCREMENT=9 DEFAULT CHARSET=utf8;

--
-- Дамп данных таблицы `favorites`
--

INSERT INTO `favorites` (`id`, `user_id`, `obj_id`, `obj_type`) VALUES
(2, 1, 410, 0),
(8, 1, 413, 0);

-- --------------------------------------------------------

--
-- Структура таблицы `gallery`
--

CREATE TABLE IF NOT EXISTS `gallery` (
`id` int(11) NOT NULL,
  `versions_data` varchar(125) DEFAULT NULL,
  `name` int(1) DEFAULT NULL,
  `description` int(1) DEFAULT NULL
) ENGINE=MyISAM AUTO_INCREMENT=757 DEFAULT CHARSET=utf8;

--
-- Дамп данных таблицы `gallery`
--

INSERT INTO `gallery` (`id`, `versions_data`, `name`, `description`) VALUES
(723, 'a:2:{s:5:"small";a:1:{s:15:"centeredpreview";a:2:{i:0;i:98;i:1;i:98;}}s:6:"medium";a:1:{s:6:"resize";a:2:{i:0;i:800;i:1;N;}}}', 0, 0),
(724, 'a:2:{s:5:"small";a:1:{s:15:"centeredpreview";a:2:{i:0;i:98;i:1;i:98;}}s:6:"medium";a:1:{s:6:"resize";a:2:{i:0;i:800;i:1;N;}}}', 0, 0),
(725, 'a:2:{s:5:"small";a:1:{s:15:"centeredpreview";a:2:{i:0;i:98;i:1;i:98;}}s:6:"medium";a:1:{s:6:"resize";a:2:{i:0;i:800;i:1;N;}}}', 0, 0),
(726, 'a:2:{s:5:"small";a:1:{s:15:"centeredpreview";a:2:{i:0;i:98;i:1;i:98;}}s:6:"medium";a:1:{s:6:"resize";a:2:{i:0;i:800;i:1;N;}}}', 0, 0),
(727, 'a:2:{s:5:"small";a:1:{s:15:"centeredpreview";a:2:{i:0;i:98;i:1;i:98;}}s:6:"medium";a:1:{s:6:"resize";a:2:{i:0;i:800;i:1;N;}}}', 0, 0),
(728, 'a:2:{s:5:"small";a:1:{s:15:"centeredpreview";a:2:{i:0;i:98;i:1;i:98;}}s:6:"medium";a:1:{s:6:"resize";a:2:{i:0;i:800;i:1;N;}}}', 0, 0),
(729, 'a:2:{s:5:"small";a:1:{s:15:"centeredpreview";a:2:{i:0;i:98;i:1;i:98;}}s:6:"medium";a:1:{s:6:"resize";a:2:{i:0;i:800;i:1;N;}}}', 0, 0),
(730, 'a:2:{s:5:"small";a:1:{s:15:"centeredpreview";a:2:{i:0;i:98;i:1;i:98;}}s:6:"medium";a:1:{s:6:"resize";a:2:{i:0;i:800;i:1;N;}}}', 0, 0),
(731, 'a:2:{s:5:"small";a:1:{s:15:"centeredpreview";a:2:{i:0;i:98;i:1;i:98;}}s:6:"medium";a:1:{s:6:"resize";a:2:{i:0;i:800;i:1;N;}}}', 0, 0),
(732, 'a:2:{s:5:"small";a:1:{s:6:"resize";a:2:{i:0;i:150;i:1;N;}}s:6:"medium";a:1:{s:6:"resize";a:2:{i:0;i:800;i:1;N;}}}', 0, 0),
(733, 'a:2:{s:5:"small";a:1:{s:15:"centeredpreview";a:2:{i:0;i:98;i:1;i:98;}}s:6:"medium";a:1:{s:6:"resize";a:2:{i:0;i:800;i:1;N;}}}', 0, 0),
(734, 'a:2:{s:5:"small";a:1:{s:15:"centeredpreview";a:2:{i:0;i:98;i:1;i:98;}}s:6:"medium";a:1:{s:6:"resize";a:2:{i:0;i:800;i:1;N;}}}', 0, 0),
(735, 'a:2:{s:5:"small";a:1:{s:15:"centeredpreview";a:2:{i:0;i:98;i:1;i:98;}}s:6:"medium";a:1:{s:6:"resize";a:2:{i:0;i:800;i:1;N;}}}', 0, 0),
(736, 'a:2:{s:5:"small";a:1:{s:15:"centeredpreview";a:2:{i:0;i:98;i:1;i:98;}}s:6:"medium";a:1:{s:6:"resize";a:2:{i:0;i:800;i:1;N;}}}', 0, 0),
(737, 'a:2:{s:5:"small";a:1:{s:15:"centeredpreview";a:2:{i:0;i:98;i:1;i:98;}}s:6:"medium";a:1:{s:6:"resize";a:2:{i:0;i:800;i:1;N;}}}', 0, 0),
(738, 'a:2:{s:5:"small";a:1:{s:15:"centeredpreview";a:2:{i:0;i:98;i:1;i:98;}}s:6:"medium";a:1:{s:6:"resize";a:2:{i:0;i:800;i:1;N;}}}', 0, 0),
(739, 'a:2:{s:5:"small";a:1:{s:6:"resize";a:2:{i:0;i:150;i:1;N;}}s:6:"medium";a:1:{s:6:"resize";a:2:{i:0;i:800;i:1;N;}}}', 0, 0),
(740, 'a:2:{s:5:"small";a:1:{s:15:"centeredpreview";a:2:{i:0;i:98;i:1;i:98;}}s:6:"medium";a:1:{s:6:"resize";a:2:{i:0;i:800;i:1;N;}}}', 0, 0),
(741, 'a:2:{s:5:"small";a:1:{s:6:"resize";a:2:{i:0;i:150;i:1;N;}}s:6:"medium";a:1:{s:6:"resize";a:2:{i:0;i:800;i:1;N;}}}', 0, 0),
(742, 'a:2:{s:5:"small";a:1:{s:15:"centeredpreview";a:2:{i:0;i:98;i:1;i:98;}}s:6:"medium";a:1:{s:6:"resize";a:2:{i:0;i:800;i:1;N;}}}', 0, 0),
(743, 'a:2:{s:5:"small";a:1:{s:15:"centeredpreview";a:2:{i:0;i:98;i:1;i:98;}}s:6:"medium";a:1:{s:6:"resize";a:2:{i:0;i:800;i:1;N;}}}', 0, 0),
(744, 'a:2:{s:5:"small";a:1:{s:6:"resize";a:2:{i:0;i:150;i:1;N;}}s:6:"medium";a:1:{s:6:"resize";a:2:{i:0;i:800;i:1;N;}}}', 0, 0),
(745, 'a:2:{s:5:"small";a:1:{s:15:"centeredpreview";a:2:{i:0;i:98;i:1;i:98;}}s:6:"medium";a:1:{s:6:"resize";a:2:{i:0;i:800;i:1;N;}}}', 0, 0),
(746, 'a:2:{s:5:"small";a:1:{s:6:"resize";a:2:{i:0;i:150;i:1;N;}}s:6:"medium";a:1:{s:6:"resize";a:2:{i:0;i:800;i:1;N;}}}', 0, 0),
(747, 'a:2:{s:5:"small";a:1:{s:15:"centeredpreview";a:2:{i:0;i:98;i:1;i:98;}}s:6:"medium";a:1:{s:6:"resize";a:2:{i:0;i:800;i:1;N;}}}', 0, 0),
(748, 'a:2:{s:5:"small";a:1:{s:6:"resize";a:2:{i:0;i:150;i:1;N;}}s:6:"medium";a:1:{s:6:"resize";a:2:{i:0;i:800;i:1;N;}}}', 0, 0),
(749, 'a:2:{s:5:"small";a:1:{s:15:"centeredpreview";a:2:{i:0;i:98;i:1;i:98;}}s:6:"medium";a:1:{s:6:"resize";a:2:{i:0;i:800;i:1;N;}}}', 0, 0),
(750, 'a:2:{s:5:"small";a:1:{s:15:"centeredpreview";a:2:{i:0;i:98;i:1;i:98;}}s:6:"medium";a:1:{s:6:"resize";a:2:{i:0;i:800;i:1;N;}}}', 0, 0),
(751, 'a:2:{s:5:"small";a:1:{s:15:"centeredpreview";a:2:{i:0;i:98;i:1;i:98;}}s:6:"medium";a:1:{s:6:"resize";a:2:{i:0;i:800;i:1;N;}}}', 0, 0),
(752, 'a:2:{s:5:"small";a:1:{s:15:"centeredpreview";a:2:{i:0;i:98;i:1;i:98;}}s:6:"medium";a:1:{s:6:"resize";a:2:{i:0;i:800;i:1;N;}}}', 0, 0),
(753, 'a:2:{s:5:"small";a:1:{s:15:"centeredpreview";a:2:{i:0;i:98;i:1;i:98;}}s:6:"medium";a:1:{s:6:"resize";a:2:{i:0;i:800;i:1;N;}}}', 0, 0),
(754, 'a:2:{s:5:"small";a:1:{s:15:"centeredpreview";a:2:{i:0;i:98;i:1;i:98;}}s:6:"medium";a:1:{s:6:"resize";a:2:{i:0;i:800;i:1;N;}}}', 0, 0),
(755, 'a:2:{s:5:"small";a:1:{s:15:"centeredpreview";a:2:{i:0;i:98;i:1;i:98;}}s:6:"medium";a:1:{s:6:"resize";a:2:{i:0;i:800;i:1;N;}}}', 0, 0),
(756, 'a:2:{s:5:"small";a:1:{s:6:"resize";a:2:{i:0;i:150;i:1;N;}}s:6:"medium";a:1:{s:6:"resize";a:2:{i:0;i:800;i:1;N;}}}', 0, 0);

-- --------------------------------------------------------

--
-- Структура таблицы `gallery_photo`
--

CREATE TABLE IF NOT EXISTS `gallery_photo` (
`id` int(11) NOT NULL,
  `gallery_id` int(3) DEFAULT NULL,
  `rank` int(3) DEFAULT NULL,
  `name` varchar(10) DEFAULT NULL,
  `description` varchar(10) DEFAULT NULL,
  `file_name` varchar(7) DEFAULT NULL
) ENGINE=MyISAM AUTO_INCREMENT=348 DEFAULT CHARSET=utf8;

--
-- Дамп данных таблицы `gallery_photo`
--

INSERT INTO `gallery_photo` (`id`, `gallery_id`, `rank`, `name`, `description`, `file_name`) VALUES
(334, 732, 334, '', '', '871.jpg'),
(335, 732, 335, '', '', '872.jpg'),
(336, 732, 336, '', '', '873.jpg'),
(337, 732, 337, '', '', '874.jpg'),
(338, 739, 338, '', '', '07.jpg'),
(339, 739, 339, '', '', '2.jpg'),
(340, 739, 340, '', '', '5.Диало'),
(341, 741, 341, '', '', '07.jpg'),
(342, 741, 342, '', '', '2.jpg'),
(343, 741, 343, '', '', '5.Диало'),
(344, 744, 344, '', '', '258_par'),
(345, 746, 345, '', '', '1347962'),
(346, 748, 346, '', '', '1347962'),
(347, 756, 347, '', '', '275px-З');

-- --------------------------------------------------------

--
-- Структура таблицы `messages`
--

CREATE TABLE IF NOT EXISTS `messages` (
`id` int(11) NOT NULL,
  `sender_id` int(11) NOT NULL,
  `receiver_id` int(11) NOT NULL,
  `message` text NOT NULL,
  `send_date` datetime NOT NULL,
  `read` tinyint(1) NOT NULL DEFAULT '0'
) ENGINE=MyISAM AUTO_INCREMENT=11 DEFAULT CHARSET=utf8;

--
-- Дамп данных таблицы `messages`
--

INSERT INTO `messages` (`id`, `sender_id`, `receiver_id`, `message`, `send_date`, `read`) VALUES
(1, 1, 2, 'Интересное предложение ', '2015-03-12 01:33:43', 0),
(2, 0, 2, 'sdfsdfsdfsdf', '2015-03-12 03:10:14', 0),
(3, 77, 7, 'Aster master', '2015-03-19 11:07:13', 0),
(4, 77, 9, 'papapapapa', '2015-03-19 11:07:52', 0),
(5, 77, 1, 'хорошее обьявление ', '2015-03-19 13:11:13', 0),
(6, 77, 1, 'Както так', '2015-03-19 13:12:53', 0),
(7, 1, 77, 'Ну да ', '2015-03-19 13:14:48', 0),
(8, 1, 2, 'ага ', '2015-03-20 23:27:32', 0),
(9, 1, 4, 'Привет ', '2015-03-29 11:10:43', 0),
(10, 1, 4, 'ну как ты ? ', '2015-03-29 11:10:52', 0);

-- --------------------------------------------------------

--
-- Структура таблицы `profiles`
--

CREATE TABLE IF NOT EXISTS `profiles` (
  `user_id` int(1) NOT NULL DEFAULT '0',
  `first_name` varchar(13) DEFAULT NULL,
  `last_name` varchar(5) DEFAULT NULL,
  `city` varchar(10) DEFAULT NULL,
  `url` varchar(10) DEFAULT NULL,
  `phone` varchar(10) DEFAULT NULL,
  `icq` varchar(10) DEFAULT NULL,
  `company` varchar(10) DEFAULT NULL,
  `about` varchar(10) DEFAULT NULL
) ENGINE=MyISAM DEFAULT CHARSET=utf8;

--
-- Дамп данных таблицы `profiles`
--

INSERT INTO `profiles` (`user_id`, `first_name`, `last_name`, `city`, `url`, `phone`, `icq`, `company`, `about`) VALUES
(1, 'Administrator', 'Admin', '', '', '', '', '', ''),
(2, '', '', '', '', '', '', '', '');

-- --------------------------------------------------------

--
-- Структура таблицы `reviews`
--

CREATE TABLE IF NOT EXISTS `reviews` (
`id` int(11) NOT NULL,
  `profile_id` int(11) NOT NULL,
  `user_id` int(11) NOT NULL,
  `type` int(11) NOT NULL,
  `review` text NOT NULL,
  `vote` int(11) NOT NULL
) ENGINE=MyISAM DEFAULT CHARSET=utf8;

-- --------------------------------------------------------

--
-- Структура таблицы `users`
--

CREATE TABLE IF NOT EXISTS `users` (
`id` int(11) NOT NULL,
  `username` varchar(30) DEFAULT NULL,
  `password` varchar(32) DEFAULT NULL,
  `email` varchar(21) DEFAULT NULL,
  `birthday` date NOT NULL,
  `location` varchar(200) NOT NULL,
  `skype` varchar(100) NOT NULL,
  `phone` varchar(100) NOT NULL,
  `contacts` text NOT NULL,
  `activkey` varchar(32) DEFAULT NULL,
  `superuser` int(1) DEFAULT NULL,
  `status` int(1) DEFAULT NULL,
  `create_at` varchar(19) DEFAULT NULL,
  `lastvisit_at` varchar(19) DEFAULT NULL,
  `identity` varchar(100) NOT NULL,
  `network` varchar(100) NOT NULL,
  `full_name` varchar(150) NOT NULL
) ENGINE=MyISAM AUTO_INCREMENT=79 DEFAULT CHARSET=utf8;

--
-- Дамп данных таблицы `users`
--

INSERT INTO `users` (`id`, `username`, `password`, `email`, `birthday`, `location`, `skype`, `phone`, `contacts`, `activkey`, `superuser`, `status`, `create_at`, `lastvisit_at`, `identity`, `network`, `full_name`) VALUES
(1, 'yboard', '21232f297a57a5a743894a0e4a801fc3', 'webmaster@example.com', '0000-00-00', 'Россия', '', '+789654132132', 'таитситмит', 'c902179e0e5f1f39858c661a146c6586', 1, 1, '2013-03-04 14:46:10', '2015-04-21 09:43:00', '', '', ''),
(2, 'demo', 'fe01ce2a7fbac8fafaed7c982a04e229', 'demo@example.com', '0000-00-00', '', '', '', '', 'a512641e3a3df1caf3bab2f132794b9a', 0, 1, '2013-07-24 23:52:29', '2013-07-25 00:21:05', '', '', ''),
(4, 'vovik', NULL, ' vov4ik703@mail.ru', '0000-00-00', '', '', '', '', NULL, NULL, 1, '2015-02-14 12:00:00', NULL, '', '', ''),
(5, 'kweshkva', NULL, ' kwesh-kva@mail.ru', '0000-00-00', '', '', '', '', NULL, NULL, 1, '2015-02-14 12:00:00', NULL, '', '', ''),
(6, 'romanov', NULL, ' romanov160@mail.ru', '0000-00-00', '', '', '', '', NULL, NULL, -1, '2015-01-14 12:00:00', NULL, '', '', ''),
(7, 'conmackein', NULL, ' conmackein@mail.ru', '0000-00-00', '', '', '', '', NULL, NULL, 1, '2015-02-14 12:00:00', NULL, '', '', ''),
(8, 'der', NULL, ' der.77@mail.ru', '0000-00-00', '', '', '', '', NULL, NULL, 1, '2015-02-15 12:00:00', NULL, '', '', ''),
(9, 'karnaval', NULL, ' karnaval0@mail.ru', '0000-00-00', '', '', '', '', NULL, NULL, 1, '2015-03-14 12:00:00', NULL, '', '', ''),
(10, 'ivanvanivan', NULL, ' ivan_van_ivan93@mail', '0000-00-00', '', '', '', '', NULL, NULL, 1, '2014-09-14 12:00:00', NULL, '', '', ''),
(11, 'vic', NULL, ' vic17@bk.ru', '0000-00-00', '', '', '', '', NULL, NULL, 1, '2015-02-15 12:00:00', NULL, '', '', ''),
(12, 'ots', NULL, ' ots84@mail.ru', '0000-00-00', '', '', '', '', NULL, NULL, 1, '2015-02-16 12:00:00', NULL, '', '', ''),
(13, 'dindinkoko', NULL, ' dindinkoko@mail.ru', '0000-00-00', '', '', '', '', NULL, NULL, 1, '2015-02-17 12:00:00', NULL, '', '', ''),
(14, 'elvinbaik', NULL, ' elvin-baik@mail.ru', '0000-00-00', '', '', '', '', NULL, NULL, 1, '2015-02-18 12:00:00', NULL, '', '', ''),
(15, 'masterboks', NULL, ' masterboks@mail.ru', '0000-00-00', '', '', '', '', NULL, NULL, 1, '2015-02-19 12:00:00', NULL, '', '', ''),
(16, 'jojboy', NULL, ' jojboy@mail.ru', '0000-00-00', '', '', '', '', NULL, NULL, 1, '2015-02-14 12:00:00', NULL, '', '', ''),
(17, 'cgiirc', NULL, ' cgiirc@mail.ru', '0000-00-00', '', '', '', '', NULL, NULL, 1, '2015-02-14 12:00:00', NULL, '', '', ''),
(18, 'serityuk', NULL, ' serityuk@mail.ru', '0000-00-00', '', '', '', '', NULL, NULL, 1, '2015-02-14 12:00:00', NULL, '', '', ''),
(19, 'lehakvon', NULL, ' lehakvon@mail.ru', '0000-00-00', '', '', '', '', NULL, NULL, 1, '2015-02-14 12:00:00', NULL, '', '', ''),
(20, 'agst', NULL, ' 123ag@mail.ru', '0000-00-00', '', '', '', '', NULL, NULL, 1, '2015-02-14 12:00:00', NULL, '', '', ''),
(21, 'ivanroscan', NULL, ' ivanroscan@mail.ru', '0000-00-00', '', '', '', '', NULL, NULL, 1, '2015-02-14 12:00:00', NULL, '', '', ''),
(22, 'tcosum', NULL, ' tco99sum@mail.ru', '0000-00-00', '', '', '', '', NULL, NULL, 1, '2015-02-14 12:00:00', NULL, '', '', ''),
(23, 'rich', NULL, ' rich-3366@mail.ru', '0000-00-00', '', '', '', '', NULL, NULL, 1, '2015-02-14 12:00:00', NULL, '', '', ''),
(24, 'pudgido', NULL, ' pudgido@mail.ru', '0000-00-00', '', '', '', '', NULL, NULL, 1, '2015-02-14 12:00:00', NULL, '', '', ''),
(25, 'vkontakteshur', NULL, ' vkontakteshur12@mail', '0000-00-00', '', '', '', '', NULL, NULL, 1, '2015-02-14 12:00:00', NULL, '', '', ''),
(26, 'fomik', NULL, ' fomik777@mail.ru', '0000-00-00', '', '', '', '', NULL, NULL, 1, '2015-02-14 12:00:00', NULL, '', '', ''),
(27, 'pasha', NULL, ' pasha.91@inbox.ru', '0000-00-00', '', '', '', '', NULL, NULL, 1, '2015-02-14 12:00:00', NULL, '', '', ''),
(28, 'gjyznjq', NULL, ' gjyznjq@mail.ru', '0000-00-00', '', '', '', '', NULL, NULL, 1, '2015-02-14 12:00:00', NULL, '', '', ''),
(29, 'royak', NULL, ' royak75@mail.ru', '0000-00-00', '', '', '', '', NULL, NULL, 1, '2015-02-14 12:00:00', NULL, '', '', ''),
(30, 'snaas', NULL, ' snaas@mail.ru', '0000-00-00', '', '', '', '', NULL, NULL, 1, '2015-02-14 12:00:00', NULL, '', '', ''),
(31, 'zheniamonstr', NULL, ' zheniamonstr@mail.ru', '0000-00-00', '', '', '', '', NULL, NULL, 1, '2015-02-14 12:00:00', NULL, '', '', ''),
(32, 'maxrimar', NULL, ' max-rimar@mail.ru', '0000-00-00', '', '', '', '', NULL, NULL, 1, '2015-02-14 12:00:00', NULL, '', '', ''),
(33, 'andrykovan', NULL, ' andrykov_an@list.ru', '0000-00-00', '', '', '', '', NULL, NULL, 1, '2015-02-14 12:00:00', NULL, '', '', ''),
(34, 'sumka', NULL, ' sumka74@mail.ru', '0000-00-00', '', '', '', '', NULL, NULL, 1, '2015-02-14 12:00:00', NULL, '', '', ''),
(35, 'benzin', NULL, ' benzin53@mail.ru', '0000-00-00', '', '', '', '', NULL, NULL, 1, '2015-02-14 12:00:00', NULL, '', '', ''),
(36, 'prnlbnt', NULL, ' prnlbnt@mail.ru', '0000-00-00', '', '', '', '', NULL, NULL, 1, '2015-02-14 12:00:00', NULL, '', '', ''),
(37, 'simon', NULL, ' simon31@mail.ru', '0000-00-00', '', '', '', '', NULL, NULL, 1, '2015-02-14 12:00:00', NULL, '', '', ''),
(38, 'kyborg', NULL, ' kyborg1@mail.ru', '0000-00-00', '', '', '', '', NULL, NULL, 1, '2015-02-14 12:00:00', NULL, '', '', ''),
(39, 'combinik', NULL, ' combinik@mail.ru', '0000-00-00', '', '', '', '', NULL, NULL, 1, '2015-02-14 12:00:00', NULL, '', '', ''),
(40, 'pety', NULL, ' pety899@mail.ru', '0000-00-00', '', '', '', '', NULL, NULL, 1, '2015-02-14 12:00:00', NULL, '', '', ''),
(41, 'ma', NULL, ' ma8484@mail.ru', '0000-00-00', '', '', '', '', NULL, NULL, 1, '2015-02-14 12:00:00', NULL, '', '', ''),
(42, 'vekamera', NULL, ' vekamera@mail.ru', '0000-00-00', '', '', '', '', NULL, NULL, 1, '2015-02-14 12:00:00', NULL, '', '', ''),
(43, 'vasa', NULL, ' vasa-93-00@mail.ru', '0000-00-00', '', '', '', '', NULL, NULL, 1, '2015-02-14 12:00:00', NULL, '', '', ''),
(44, 'lively', NULL, ' lively10@mail.ru', '0000-00-00', '', '', '', '', NULL, NULL, 1, '2015-02-14 12:00:00', NULL, '', '', ''),
(45, 'kirilliypatenkov', NULL, ' kirilliypatenkov@mai', '0000-00-00', '', '', '', '', NULL, NULL, 1, '2015-02-14 12:00:00', NULL, '', '', ''),
(46, 'hoksix', NULL, ' hoksix@mail.ru', '0000-00-00', '', '', '', '', NULL, NULL, 1, '2015-02-14 12:00:00', NULL, '', '', ''),
(47, 'sash', NULL, ' sash_88@inbox.ru', '0000-00-00', '', '', '', '', NULL, NULL, 1, '2015-02-14 12:00:00', NULL, '', '', ''),
(48, 'ruskvartet', NULL, ' ruskvartet@mail.ru', '0000-00-00', '', '', '', '', NULL, NULL, 1, '2015-02-14 12:00:00', NULL, '', '', ''),
(49, 'iloveyoukris', NULL, ' i_love_you-kris@mail', '0000-00-00', '', '', '', '', NULL, NULL, 1, '2015-02-14 12:00:00', NULL, '', '', ''),
(50, 'yurec', NULL, ' yurec_-89@mail.ru', '0000-00-00', '', '', '', '', NULL, NULL, 1, '2015-02-14 12:00:00', NULL, '', '', ''),
(51, 'uwemobzfjkmxm', NULL, ' uwemobzfjkmxm@mail.r', '0000-00-00', '', '', '', '', NULL, NULL, 1, '2015-02-14 12:00:00', NULL, '', '', ''),
(52, 'tngvlks', NULL, ' tngvlks@mail.ru', '0000-00-00', '', '', '', '', NULL, NULL, 1, '2015-02-14 12:00:00', NULL, '', '', ''),
(53, 'qrbwzhpcfo', NULL, ' qrbwzhpcfo@mail.ru', '0000-00-00', '', '', '', '', NULL, NULL, 1, '2015-02-14 12:00:00', NULL, '', '', ''),
(54, 'elzomnzimm', NULL, ' elzomnzimm@mail.ru', '0000-00-00', '', '', '', '', NULL, NULL, 1, '2015-02-14 12:00:00', NULL, '', '', ''),
(55, 'udzhznuoqphwcsh', NULL, ' udzhznuoqphwcsh@mail', '0000-00-00', '', '', '', '', NULL, NULL, 1, '2015-02-14 12:00:00', NULL, '', '', ''),
(56, 'ryabov', NULL, 'ryabov.83@mail.ru', '0000-00-00', '', '', '', '', NULL, NULL, 1, '2015-02-14 12:00:00', NULL, '', '', ''),
(57, 'nbv5', NULL, 'n.nbv5@yandex.ru', '0000-00-00', '', '', '', '', NULL, NULL, 1, '2015-02-14 12:00:00', NULL, '', '', ''),
(58, 'GAVNIUK', NULL, 'bahtin221078@yandex.r', '0000-00-00', '', '', '', '', NULL, NULL, 1, '2015-02-14 12:00:00', NULL, '', '', ''),
(59, 'noynoy', NULL, 'sifard@mail.ru', '0000-00-00', '', '', '', '', NULL, NULL, 1, '2015-02-14 12:00:00', NULL, '', '', ''),
(60, 'Krima01', NULL, 'dimamovers@yahoo.ca', '0000-00-00', '', '', '', '', NULL, NULL, 1, '2015-02-14 12:00:00', NULL, '', '', ''),
(61, 'Histnik', NULL, 'histnik@inbox.lv', '0000-00-00', '', '', '', '', NULL, NULL, 1, '2015-02-14 12:00:00', NULL, '', '', ''),
(62, 'nt68', NULL, 'niktan1@bigmir.net', '0000-00-00', '', '', '', '', NULL, NULL, 1, '2015-02-14 12:00:00', NULL, '', '', ''),
(63, 'waldecir', NULL, 'waldecirnicolete@yaho', '0000-00-00', '', '', '', '', NULL, NULL, 1, '2015-02-14 12:00:00', NULL, '', '', ''),
(64, 'magenta', NULL, 'polo.777@inbox.ru', '0000-00-00', '', '', '', '', NULL, NULL, 1, '2015-02-14 12:00:00', NULL, '', '', ''),
(65, 'ROBSONe', NULL, 'robsone@mail.ru', '0000-00-00', '', '', '', '', NULL, NULL, 1, '2015-02-14 12:00:00', NULL, '', '', ''),
(66, 'maelname', NULL, 'silva.ru@list.ru', '0000-00-00', '', '', '', '', NULL, NULL, 1, '2015-02-14 12:00:00', NULL, '', '', ''),
(67, 'pozitive189', NULL, 'check-inonline@yandex', '0000-00-00', '', '', '', '', NULL, NULL, 1, '2015-02-14 12:00:00', NULL, '', '', ''),
(68, 'Lubawa', NULL, 'fcsci.28@bk.ru', '0000-00-00', '', '', '', '', NULL, NULL, 1, '2015-02-14 12:00:00', NULL, '', '', ''),
(69, 'galina', NULL, 'repchenko2005@mail.ru', '0000-00-00', '', '', '', '', NULL, NULL, 1, '2015-02-14 12:00:00', NULL, '', '', ''),
(70, 'sanny_ok', NULL, 'aleks_andrr@ukr.net', '0000-00-00', '', '', '', '', NULL, NULL, 1, '2015-02-14 12:00:00', NULL, '', '', ''),
(71, 'aleks34970', NULL, 'nahodkadona@yandex.ru', '0000-00-00', '', '', '', '', NULL, NULL, 1, '2015-02-14 12:00:00', NULL, '', '', ''),
(72, 'NEKURIM', NULL, 'nekurim@mail.ru', '0000-00-00', '', '', '', '', NULL, NULL, 1, '2015-02-14 12:00:00', NULL, '', '', ''),
(73, 'summer2012', NULL, 'koreanmen1980@gmail.c', '0000-00-00', '', '', '', '', NULL, NULL, 1, '2015-02-14 12:00:00', NULL, '', '', ''),
(74, 'bloodbastard', NULL, 'pasha_bes_balt@mail.r', '0000-00-00', '', '', '', '', NULL, NULL, 1, '2015-02-14 12:00:00', NULL, '', '', ''),
(75, 'lindamor', NULL, '4aokakao@gmail.com', '0000-00-00', '', '', '', '', NULL, NULL, 1, '2015-02-14 12:00:00', NULL, '', '', ''),
(76, 'tatiana', NULL, 'wzccsdfsdfsdf@mail.ru', '0000-00-00', '', '', '', '', NULL, NULL, 1, '2015-02-14 12:00:00', NULL, '', '', ''),
(77, 'Максим Углов', 'b8cfd36c855f1b040196e95e000922cd', 'wzcc@mail.ru', '2015-05-06', 'Россия', 'sdfsdfsdf', '+789654132132', '', NULL, 0, 1, '2015-03-15 19:22:42', NULL, 'http://vk.com/id6035846', 'vkontakte', 'Максим Углов'),
(78, 'aster', 'beb6b72231daafe7d913baa818a63f0c', 'kiu_@mail.ru', '0000-00-00', '', '', '', '', '0afacc0f40812ff65a244b11c773085d', 0, 0, '2015-03-19 18:33:18', '0000-00-00 00:00:00', '', '', '');

--
-- Индексы сохранённых таблиц
--

--
-- Индексы таблицы `adverts`
--
ALTER TABLE `adverts`
 ADD PRIMARY KEY (`id`);

--
-- Индексы таблицы `article`
--
ALTER TABLE `article`
 ADD PRIMARY KEY (`id`), ADD KEY `lft` (`lft`), ADD KEY `rgt` (`rgt`), ADD KEY `level` (`level`), ADD KEY `name` (`name`);

--
-- Индексы таблицы `category`
--
ALTER TABLE `category`
 ADD PRIMARY KEY (`id`);

--
-- Индексы таблицы `company`
--
ALTER TABLE `company`
 ADD PRIMARY KEY (`id`);

--
-- Индексы таблицы `config`
--
ALTER TABLE `config`
 ADD PRIMARY KEY (`key`);

--
-- Индексы таблицы `favorites`
--
ALTER TABLE `favorites`
 ADD PRIMARY KEY (`id`);

--
-- Индексы таблицы `gallery`
--
ALTER TABLE `gallery`
 ADD PRIMARY KEY (`id`);

--
-- Индексы таблицы `gallery_photo`
--
ALTER TABLE `gallery_photo`
 ADD PRIMARY KEY (`id`);

--
-- Индексы таблицы `messages`
--
ALTER TABLE `messages`
 ADD PRIMARY KEY (`id`);

--
-- Индексы таблицы `profiles`
--
ALTER TABLE `profiles`
 ADD PRIMARY KEY (`user_id`);

--
-- Индексы таблицы `reviews`
--
ALTER TABLE `reviews`
 ADD PRIMARY KEY (`id`);

--
-- Индексы таблицы `users`
--
ALTER TABLE `users`
 ADD PRIMARY KEY (`id`);

--
-- AUTO_INCREMENT для сохранённых таблиц
--

--
-- AUTO_INCREMENT для таблицы `adverts`
--
ALTER TABLE `adverts`
MODIFY `id` int(11) NOT NULL AUTO_INCREMENT,AUTO_INCREMENT=418;
--
-- AUTO_INCREMENT для таблицы `article`
--
ALTER TABLE `article`
MODIFY `id` int(11) unsigned NOT NULL AUTO_INCREMENT,AUTO_INCREMENT=3;
--
-- AUTO_INCREMENT для таблицы `category`
--
ALTER TABLE `category`
MODIFY `id` int(11) NOT NULL AUTO_INCREMENT,AUTO_INCREMENT=31;
--
-- AUTO_INCREMENT для таблицы `company`
--
ALTER TABLE `company`
MODIFY `id` int(11) NOT NULL AUTO_INCREMENT;
--
-- AUTO_INCREMENT для таблицы `favorites`
--
ALTER TABLE `favorites`
MODIFY `id` int(11) NOT NULL AUTO_INCREMENT,AUTO_INCREMENT=9;
--
-- AUTO_INCREMENT для таблицы `gallery`
--
ALTER TABLE `gallery`
MODIFY `id` int(11) NOT NULL AUTO_INCREMENT,AUTO_INCREMENT=757;
--
-- AUTO_INCREMENT для таблицы `gallery_photo`
--
ALTER TABLE `gallery_photo`
MODIFY `id` int(11) NOT NULL AUTO_INCREMENT,AUTO_INCREMENT=348;
--
-- AUTO_INCREMENT для таблицы `messages`
--
ALTER TABLE `messages`
MODIFY `id` int(11) NOT NULL AUTO_INCREMENT,AUTO_INCREMENT=11;
--
-- AUTO_INCREMENT для таблицы `reviews`
--
ALTER TABLE `reviews`
MODIFY `id` int(11) NOT NULL AUTO_INCREMENT;
--
-- AUTO_INCREMENT для таблицы `users`
--
ALTER TABLE `users`
MODIFY `id` int(11) NOT NULL AUTO_INCREMENT,AUTO_INCREMENT=79;
/*!40101 SET CHARACTER_SET_CLIENT=@OLD_CHARACTER_SET_CLIENT */;
/*!40101 SET CHARACTER_SET_RESULTS=@OLD_CHARACTER_SET_RESULTS */;
/*!40101 SET COLLATION_CONNECTION=@OLD_COLLATION_CONNECTION */;
