-- phpMyAdmin SQL Dump
-- version 4.5.1
-- http://www.phpmyadmin.net
--
-- Хост: 127.0.0.1
-- Время создания: Ноя 14 2016 г., 14:24
-- Версия сервера: 10.1.16-MariaDB
-- Версия PHP: 5.6.24

SET SQL_MODE = "NO_AUTO_VALUE_ON_ZERO";
SET time_zone = "+00:00";


/*!40101 SET @OLD_CHARACTER_SET_CLIENT=@@CHARACTER_SET_CLIENT */;
/*!40101 SET @OLD_CHARACTER_SET_RESULTS=@@CHARACTER_SET_RESULTS */;
/*!40101 SET @OLD_COLLATION_CONNECTION=@@COLLATION_CONNECTION */;
/*!40101 SET NAMES utf8mb4 */;

--
-- База данных: `yboard`
--

-- --------------------------------------------------------

--
-- Структура таблицы `adverts`
--

CREATE TABLE `adverts` (
  `id` int(11) NOT NULL,
  `name` varchar(121) DEFAULT NULL,
  `user_id` int(1) DEFAULT NULL,
  `category_id` int(2) DEFAULT NULL,
  `location` int(11) NOT NULL,
  `type` int(1) DEFAULT '1',
  `views` int(1) DEFAULT '0',
  `text` varchar(1822) DEFAULT NULL,
  `fields` varchar(1000) NOT NULL,
  `price` float NOT NULL,
  `currency` int(11) NOT NULL,
  `created_at` datetime DEFAULT NULL,
  `updated_at` datetime DEFAULT NULL,
  `gallery_id` int(3) DEFAULT '0',
  `youtube_id` varchar(50) DEFAULT ''
) ENGINE=MyISAM DEFAULT CHARSET=utf8;

--
-- Дамп данных таблицы `adverts`
--

INSERT INTO `adverts` (`id`, `name`, `user_id`, `category_id`, `location`, `type`, `views`, `text`, `fields`, `price`, `currency`, `created_at`, `updated_at`, `gallery_id`, `youtube_id`) VALUES
(391, 'Охранник', 2, 8, 0, 0, 6, 'Ищу работу охранником с понедельной оплатой труда.', '', 0, 0, '2015-03-09 00:00:00', '0000-00-00 00:00:00', 723, NULL),
(392, 'Охранник, оператор, аппаратчик, машинист', 2, 8, 0, 0, 1, 'Ищу работу Охранника, оператора технологических установок в нефтехимической отрасли,оператора котельных,аппаратчика химпроизводства и воздухоразделения(АКС),машиниста насосных-компрессорных станций.Стаж 10 лет', '', 0, 0, '2015-03-10 00:00:00', '0000-00-00 00:00:00', 724, NULL),
(393, 'Поиск фрилансеров', 2, 7, 0, 1, 1, 'Молодая, перспективная биржа удаленной работы ищет талантливых и креативных фрилансеров в сфере наружной рекламы, \r\n BTL-маркетинга, печатной рекламы, радио рекламы. Вас ждет много интересной и творческой работы. Высокая заработная плата. Звоните, возможно, мы ищем именно вас.', '', 0, 0, '2015-03-08 00:00:00', '0000-00-00 00:00:00', 725, NULL),
(394, 'Требуется менеджер по продажам', 2, 7, 0, 1, 0, 'Компании, занимающейся производством и монтажом металлоизделий (ворота, решетки, двери, заборы, навесы и т.д.) в городе Ростове-на-Дону, требуется менеджер по продажам.\r\n\r\nОбязанности.\r\n\r\nВыезд на заказ,\r\n\r\n— выявление потребности клиента,\r\n\r\n— продажа того что клиенту необходимо,\r\n\r\n— заключение договора,\r\n\r\n— замер всех параметров металлоизделия,\r\n\r\n— заключение договора,\r\n\r\n— общение с клиентом, пока изделие находится в производстве\r\n\r\nТребование.\r\n\r\n1 Техническое мышление и образование желательно.\r\n\r\n2 Наличие автомобиля обязательно.\r\n\r\n3 Опыт работы замерщиком/менеджером в аналогичной компании\r\n\r\n4 Понимание производственных процессов разработки металлоизделий и материалов используемых при изготовлении.\r\n\r\n5. Умение рисовать и разрабатывать дизайн изделий является серьезным преимуществом.\r\n\r\n6. Обязательно опыт замеров дверей, перил, решеток, навесов, ворот, заборов.\r\n\r\nУсловия:\r\n\r\nЗ/п от 30000 р.\r\n\r\n5 дневная рабочая неделя (иногда есть необходимость в замерах в субботу) Обучение.\r\n\r\nОформление по ТК РФ.', '', 0, 0, '2015-03-08 00:00:00', '0000-00-00 00:00:00', 726, ''),
(395, 'Сниму 1-к квартиру', 2, 10, 0, 0, 2, 'Молодая русская семья,в которой ожидается пополнение,снимет на длительный срок однокомнатную квартиру в районе метро Выхино.Гарантируем чистоту,порядок и своевременную квартплату.', '', 0, 0, '2015-03-12 00:00:00', '0000-00-00 00:00:00', 727, NULL),
(396, 'Британские плюшевые Серебристые котята мраморные и тебби (Вискас)', 2, 19, 0, 1, 1, 'Московский питомник элитных кошек GREGORI al GATO 89258509506 предлагает к продаже Британских плюшевых котят Эксклюзивных окрасов: Серебристая шиншилла с изумрудными глазками! Серебристая шиншилла - пойнт с сапфировыми глазками! Серебрыстые мраморные и тебби (Вискас) Котята отличного породного типа, с большими яркими глазками. Выращены для Вас с любовью! Тел: 8(916)916-60-66, 8(925)850-95-06 http://gregorialgato.narod.ru/kotata.html', '', 0, 0, '2015-03-08 00:00:00', '0000-00-00 00:00:00', 728, NULL),
(397, 'Волнистые попугаи(разного возраста)', 2, 20, 0, 1, 1, 'Продаю волнистых попугаев своего разведения. Птенцам от 35 дней,так же есть птички разного возраста и окраса. Покупая птицу вы берете ответственность на всю жизнь,я вам гарантирую здоровую активную птицу способную к приручению и обучению разговаривать. тел 89629093432', '', 0, 0, '2015-03-08 00:00:00', '0000-00-00 00:00:00', 729, ''),
(398, 'Iron eagle DD50', 2, 16, 0, 1, 1, 'Продаю чепер, двигатель Suzuki 125cc , механика,максимальная скорость 130км/ч , очень жалко отдавать но срочно нужны деньги. не требует регистрации в ГИБДД !!! (Торг на месте)', '', 0, 0, '2015-03-08 00:00:00', '0000-00-00 00:00:00', 730, NULL),
(399, 'аквариумные рыбки', 2, 21, 0, 1, 7, 'Самый большой ассортимент аквариумных рыбок, беспозвоночных, амфибий (ширпотреб). Обновление прайса еженедельно. Прайс отправляю по запросу. Условия, вопросы, консультации - по телефону. Отправка из Харькова', '', 0, 0, '2015-03-08 00:00:00', '0000-00-00 00:00:00', 732, NULL),
(409, 'Продаю Ferrari', 1, 6, 0, 1, 2, 'Продаю Ferrari', 'a:1:{s:5:"price";s:3:"200";}', 0, 0, '2015-03-15 10:38:10', '2015-03-15 10:38:10', 746, NULL),
(410, 'Продаю Ferrari', 1, 6, 0, 1, 52, 'Продаю Ferrari', 'a:1:{s:5:"price";s:3:"200";}', 0, 0, '2015-03-15 10:38:38', '2015-03-15 10:38:38', 748, NULL),
(408, 'Услуги парикмахера ', 1, 6, 0, 1, 8, 'Парикмахер на дому или в салоне. Для торжест свадеб, вечерние прически ', 'a:1:{s:5:"price";s:0:"200";}', 0, 0, '2015-03-15 10:29:31', '2015-03-15 10:29:31', 744, NULL),
(411, 'Красовки ', 77, 26, 0, 1, 13, 'Много красовок', 'a:1:{s:5:"price";s:3:"200";}', 0, 0, '2015-03-19 20:48:49', NULL, 749, NULL),
(412, 'Продажа распродажа ', 1, 16, 0, 1, 9, 'Продажа распродажа ', 'a:1:{s:5:"price";s:3:"455";}', 0, 0, '2015-03-21 00:27:09', NULL, 750, NULL),
(413, 'Продажа', 1, 7, 0, 1, 37, 'azczxczxczxczxc zxc dsa dasd asd asd', 'a:3:{s:5:"price";s:20:"вапыавпавы";s:11:"obrazovnaie";s:1:"1";s:4:"opyt";s:2:"on";}', 0, 0, '2015-03-26 12:03:22', NULL, 751, NULL),
(414, 'Продаю детские вещи', 1, 27, 0, 1, 6, 'Продаю детские вещи', 'a:1:{s:5:"price";s:3:"200";}', 0, 0, '2015-04-20 19:21:42', NULL, 752, NULL),
(415, 'Про страусов', 1, 27, 0, 1, 2, 'Про страусов', 'N;', 2000, 0, '2015-04-20 19:31:09', NULL, 753, NULL),
(416, 'Сандали', 1, 26, 0, 1, 19, 'Сандали хорошие ', 'N;', 2000, 1, '2015-04-20 19:46:31', NULL, 754, NULL),
(417, 'Хомяк', 0, 18, 0, 1, 4, 'Хомяк большой прикольный ', 'N;', 20, 0, '2015-04-21 10:39:34', '2015-04-21 10:39:34', 756, NULL),
(418, 'Nokia', 77, 64, 0, 1, 1, 'Nokia', 'N;', 2000, 0, '2016-11-14 14:55:11', '2016-11-14 14:55:11', 758, NULL),
(419, 'Renault Megane', 77, 3, 0, 1, 1, '\r\nобщее\r\n\r\n    Марка Renault\r\n    модель Megane\r\n    тип предложения Продам\r\n    состояние С пробегом\r\n\r\nкомфорт\r\n\r\n    Подогрев передних сидений\r\n\r\ncвойства\r\n\r\n    год 2 012\r\n    количество мест 5\r\n    тип кузова Универсал\r\n    количество дверей 5\r\n    пробег 110 км\r\n    объем двигателя 1 500 см³\r\n\r\n\r\n', 'N;', 20000, 0, '2016-11-14 14:58:54', '2016-11-14 14:58:54', 760, NULL),
(420, 'Ремонт бытовой техники,утюги', 77, 312, 0, 1, 1, 'Ремонт бытовой техники,утюги', 'N;', 2000, 1, '2016-11-14 15:01:04', '2016-11-14 15:01:04', 762, NULL),
(421, 'Vip посуточно,почасово, евролюкс на рышкановкe', 77, 44, 0, 1, 1, '2-комнатная квартира, евролюкс.Кондиционер « зима- лето»,2 больших плазменых телевизора,WI-FI. Документ обязателен,строго для 2-ух человек,компаниям не обращаться.Ночь---30 евро ', 'N;', 2000, 0, '2016-11-14 15:05:55', '2016-11-14 15:05:55', 764, NULL),
(422, 'Apple (оригинал) кабели и зарядки для iPhone и iPad', 77, 64, 0, 1, 1, 'Apple: кабели, зарядки, адаптеры, аксессуары. ОРИГИНАЛ, ГАРАНТИЯ 2 месяца. 1.Кабель для iPhone: 6, 5 / iPad: Air, Mini, Pro (Lightning to USB Cable 1 m) ОРИГИНАЛ - 250 рублей, упакован в коробку (фото номер 4), для сравнения цена в магазинах на этот кабель 400-600 рублей. Длинный (2 метра) оригинальный кабель (Lightning to USB Cable 2 m) - 350 рублей. Также в продаже есть не оригинальные кабели нормального качества за 100 рублей. 2.Кабель для iPhone: 4, 3 / iPad: 1, 2, 3 (Apple 30-pin to USB Cable) ОРИГИНАЛ - 250 рублей, упакован в коробку, для сравнения цена в магазинах на этот кабель 400-600 рублей. также в продаже есть не дорогие не оригинальные кабели нормального качества за 100 рублей. ', 'N;', 2000, 0, '2016-11-14 15:08:21', '2016-11-14 15:08:21', 766, NULL);

-- --------------------------------------------------------

--
-- Структура таблицы `article`
--

CREATE TABLE `article` (
  `id` int(11) UNSIGNED NOT NULL,
  `lft` int(11) DEFAULT NULL,
  `rgt` int(11) DEFAULT NULL,
  `level` smallint(3) DEFAULT NULL,
  `parent_id` int(11) DEFAULT NULL,
  `type` smallint(1) DEFAULT NULL,
  `url` varchar(255) DEFAULT NULL,
  `name` varchar(255) DEFAULT NULL,
  `title` varchar(255) DEFAULT NULL,
  `content` text,
  `layout` varchar(255) DEFAULT NULL,
  `section` varchar(255) DEFAULT NULL,
  `subsection` varchar(255) DEFAULT NULL,
  `overview_page` tinyint(1) DEFAULT NULL,
  `keywords` varchar(255) DEFAULT NULL,
  `description` varchar(255) DEFAULT NULL,
  `access_level` tinyint(1) DEFAULT NULL
) ENGINE=InnoDB DEFAULT CHARSET=utf8;

--
-- Дамп данных таблицы `article`
--

INSERT INTO `article` (`id`, `lft`, `rgt`, `level`, `parent_id`, `type`, `url`, `name`, `title`, `content`, `layout`, `section`, `subsection`, `overview_page`, `keywords`, `description`, `access_level`) VALUES
(1, 0, 3, 0, 0, 0, '/', 'Site index', '', '', NULL, NULL, NULL, NULL, NULL, NULL, NULL),
(2, 1, 2, 1, 1, 1, 'articles/good-advert.html', 'Как составить грамотное объявление', '', '<p>\r\n	<font size="3"><strong>Как составить эффективное объявление для доски объявлений</strong></font></p>\r\n<p>\r\n	<font size="2">Как грамотно составить свое объявление для доски объявлений? На какое объявление будет бОльший отклик? Потренируемся составлять эффективные объявления.<br />\r\n	<br />\r\n	<b>1.</b> <b>Обратите внимание на заполнение реквизитов.</b> Автор объявления должен быть реальной личностью или реально существующей фирмой. Лично я обращаю внимание только на объявления с максимально достоверно представленной информацией: указано название фирмы, либо фамилия и имя физического лица - автора объявления. Если автором объявления является Энтузиаст или Nick - то относитесь к такому объявлению осторожно.&nbsp;<br />\r\n	Некоторая раскрепощенность некоторых пользователей Интернета не всегда соответствует месту этого раскрепощения. Я уже столкнулась с ситуацией, когда серьезная фирма, услугами которой я не прочь бы воспользоваться, пишет на одной из своих страниц: &quot;Вы сюда попали случайно. Наверное, потому, что Ваши глаза залиты пивом, а руки Ваши трясутся&quot;. Старайтесь не опускаться до такого уровня и, в частности, не подписывайте свои объявления словами &quot;Дон Жуан&quot; или &quot;Космонавт&quot;.<br />\r\n	<br />\r\n	<b>2. Пишите интересно.</b> Ваше объявление должно обратить на себя внимание при первом же брошенном на него взгляде. Если вы напишите: &quot;Ищем региональных представителей&quot; или &quot;Студия web-дизайна ищет распространителей ее услуг&quot; - это не интересно. Мало того, таких объявлений великое множество. Ваше объявление должно быть интригующим, чтобы выделиться среди подобных.<br />\r\n	<br />\r\n	Сравним два объявления: &quot;<font size="2">Вам предоставляется уникальная возможность, стать дистрибьютором косметической фирмы. Ваши возможности в заработке не ограничены. Это не бизнес в традиционном понимании и не хождение по учреждениям с предложением купить товар. Измените свою жизнь. Прикоснитесь к прекрасному. Все подробности при переписке&quot;.<br />\r\n	<br />\r\n	Это неплохое объявление. Но оно не манит. Оно слишком спокойное. Мимо такого объявления можно пройти и тут же забыть его.<br />\r\n	<br />\r\n	Другое объявление: &quot;Вы давно не были во Франции? Романтика, замечательные приключения, ароматы любви - все это напомнят вам духи &quot;Венера&quot;. Мы приглашаем вас в мир манящих запахов и острых ощущений! Как только вы станете нашим представителем - вы снова окажетесь в Париже!&quot;<br />\r\n	<br />\r\n	Людей привлекает интригующий вопрос о возможности вашего посещения этой замечательной страны. Возможно, они никогда не были во Франции, но побывать там мало кто откажется.<br />\r\n	<br />\r\n	Еще интересный прием - от противного. Не тешить чувственные струны, а совсем наоборот - играть на страхе и других отрицательных ощущениях. Причем не издеваться над читателями, а предлагать им избавиться от неприятностей.<br />\r\n	<br />\r\n	Приведу пример. Правда, этот пример основывается не на объявлении, а на ссылке, но положительный результат будет присутствовать и в подобном же объявлении. Мой сайт участвует в системе обмена ссылками <a href="http://www.clickexchange.ru/" rel="nofollow" target="_blank">ClickExchange.ru</a> . Чем мне нравится такая система - возможностью постоянно экспериментировать со своими текстовыми ссылками. Пробуя различные текстовые ссылки, анализируя их откликаемость, я уже вижу, какое объявление будет иметь бОльший успех. И вот, очень большой успех имела моя ссылка <b>&quot;Устали от бухучета?&quot; </b>(я набирала студентов в Институт экономики и права Аксенова, где одна из специальностей как раз и есть бухучет). Бухучет - это головная боль всех директоров предприятий. Конечно, они от него устали - и решили найти решение своей проблемы на моей ссылке.<br />\r\n	<br />\r\n	Вы можете потренироваться в составлении интересных объявлений. Вы можете заглянуть на многочисленные доски, просмотреть размещаемые на них объявления и подумать, на какое из них вы бы откликнулись?<br />\r\n	<br />\r\n	Лично я однажды наткнулась на одно американское объявление, которое меня ужасно заинтересовало. <b>&quot;Ищу восемь человек, желающих зарабатывать $20 000 в неделю&quot;</b>. Меня заинтриговало число &quot;восемь&quot;. Почему это требуется именно 8 человек, а не 10 или 20? И почему таких людей надо искать? Разве не должны они сами слететься как мухи на мед в огромном количестве?<br />\r\n	<br />\r\n	<b>3. Пишите не слишком много.</b> Если вы в объявлении начнете расписывать все характеристики вашей замечательной продукции, да еще в таких обозначениях, сокращениях, которые простому человеку не понятны - ваш потенциальный партнер перейдет к соседнему объявлению.<br />\r\n	<br />\r\n	<b>4. Пишите конкретно.</b> Обязательно укажите предмет, с которым вы работаете - будь то трубы, металл, или экзотические насекомые. Многих ваших читателей интересуют не только условия работы, но и предмет, с которым придется работать.<br />\r\n	<br />\r\n	<b>5. Размещайте свое объявление с допускаемой периодичностью</b>. Это правило соблюдать непросто, потому что придется запомнить для каждой конкретной доски скорость ее наполняемости новыми объявлениями. Есть доски и рубрики, новые объявления в которых появляются сплошным потоком. На таких досках можно и нужно размещать свое объявление каждый день. На других досках - частота появления новых объявлений реже. И если на одном экране доски встретится сразу несколько ваших объявлений, это принесет не столько пользу, сколько вред. Так как у посетителей доски появится аллергия к вашему объявлению, к вашему проекту и к вам лично.<br />\r\n	<br />\r\n	<b>6. Постоянно меняйте текст вашего объявления</b>. В одном случае читателей заинтересует одна фраза вашего объявления, в другом вашем объявлении их заинтересует что-то другое. Если в первом объявлении вы можете отметить высокий заработок для вступивших в ваш бизнес людей, то в другом объявлении вы обратите внимание на интересность работы, которую вы предлагаете, или на возможность покупать ваш товар со значительной скидкой.<br />\r\n	<br />\r\n	<b>7. Проявляйте умеренный энтузиазм.</b> Интернет заполонен различными пирамидами, сказками о мгновенных заработках - все эти объявления рассчитаны на простачков и заманивают к себе большим количеством восклицательных знаков и многозначными цифрами ваших возможных доходов. Поэтому будьте осторожными при проявлении энтузиазма. Серьезные люди вас не поймут.<br />\r\n	<br />\r\n	Подытоживая сказанное: <b>будьте честны и интересны</b>.</font></font></p>\r\n<p>\r\n	&nbsp;</p>\r\n<p>\r\n	<a href="http://www.meddesk.ru/effective_mes.asp"><font size="2"><font size="2">http://www.meddesk.ru/effective_mes.asp</font></font><br />\r\n	</a></p>\r\n', '', '', '', NULL, '', '', 0);

-- --------------------------------------------------------

--
-- Структура таблицы `category`
--

CREATE TABLE `category` (
  `id` int(11) NOT NULL,
  `name` varchar(100) DEFAULT NULL,
  `meta_title` varchar(300) NOT NULL,
  `meta_descr` varchar(500) NOT NULL,
  `meta_key` varchar(500) NOT NULL,
  `description` text NOT NULL,
  `icon` varchar(100) DEFAULT NULL,
  `fields` varchar(1000) NOT NULL,
  `root` int(2) DEFAULT NULL,
  `lft` int(2) DEFAULT NULL,
  `rgt` int(2) DEFAULT NULL,
  `level` int(1) DEFAULT NULL
) ENGINE=MyISAM DEFAULT CHARSET=utf8;

--
-- Дамп данных таблицы `category`
--

INSERT INTO `category` (`id`, `name`, `meta_title`, `meta_descr`, `meta_key`, `description`, `icon`, `fields`, `root`, `lft`, `rgt`, `level`) VALUES
(1, 'Транспорт', '', '', '', '', 'transport.jpg', '[]', 1, 1, 78, 1),
(2, 'Транспорт', '', '', '', '', NULL, '', 1, 2, 11, 2),
(3, 'Легковые автомобили', '', '', '', '', NULL, '', 1, 3, 4, 3),
(4, 'Автобусы и микроавтобусы', '', '', '', '', NULL, '', 1, 5, 6, 3),
(5, 'Грузовые автомобили', '', '', '', '', NULL, '', 1, 7, 8, 3),
(6, 'Мотоциклы и мототехника', '', '', '', '', NULL, '', 1, 9, 10, 3),
(7, 'Автомультимедия', '', '', '', '', NULL, '', 1, 12, 25, 2),
(8, 'Автомагнитолы и DVD', '', '', '', '', NULL, '', 1, 13, 14, 3),
(9, 'GPS-навигаторы', '', '', '', '', NULL, '', 1, 15, 16, 3),
(10, 'Акустика', '', '', '', '', NULL, '', 1, 17, 18, 3),
(11, 'Комплектующие автозвука', '', '', '', '', NULL, '', 1, 19, 20, 3),
(12, 'Видеорегистраторы', '', '', '', '', NULL, '', 1, 21, 22, 3),
(13, 'Радары, сигнализация', '', '', '', '', NULL, '', 1, 23, 24, 3),
(14, 'Другие виды транспорта', '', '', '', '', NULL, '', 1, 26, 47, 2),
(15, 'Сельхозтехника', '', '', '', '', NULL, '', 1, 27, 28, 3),
(16, 'Аварийные автомобили', '', '', '', '', NULL, '', 1, 29, 30, 3),
(17, 'Велотранспорт', '', '', '', '', NULL, '', 1, 31, 32, 3),
(18, 'Прицепы', '', '', '', '', NULL, '', 1, 33, 34, 3),
(19, 'Спецтехника', '', '', '', '', NULL, '', 1, 35, 36, 3),
(20, 'Ретро автомобили', '', '', '', '', NULL, '', 1, 37, 38, 3),
(21, 'Снегоходы и аквабайки', '', '', '', '', NULL, '', 1, 39, 40, 3),
(22, 'Воздушный транспорт', '', '', '', '', NULL, '', 1, 41, 42, 3),
(23, 'Велозапчасти', '', '', '', '', NULL, '', 1, 43, 44, 3),
(24, 'Велоаксессуары', '', '', '', '', NULL, '', 1, 45, 46, 3),
(25, 'Запчасти и аксессуары', '', '', '', '', NULL, '', 1, 48, 67, 2),
(26, 'Мотоэкипировка', '', '', '', '', NULL, '', 1, 49, 50, 3),
(27, 'Запчасти для легковых автомобилей', '', '', '', '', NULL, '', 1, 51, 52, 3),
(28, 'Диски', '', '', '', '', NULL, '', 1, 53, 54, 3),
(29, 'Шины', '', '', '', '', NULL, '', 1, 55, 56, 3),
(30, 'Запчасти для грузовых автомобилей', '', '', '', '', NULL, '', 1, 57, 58, 3),
(31, 'Расходные материалы и комплектующие', '', '', '', '', NULL, '', 1, 59, 60, 3),
(32, 'Инструменты и спецоборудование', '', '', '', '', NULL, '', 1, 61, 62, 3),
(33, 'Автостекла и автооптика', '', '', '', '', NULL, '', 1, 63, 64, 3),
(34, 'Запчасти для мототехники', '', '', '', '', NULL, '', 1, 65, 66, 3),
(35, 'Услуги', '', '', '', '', NULL, '', 1, 68, 77, 2),
(36, 'Грузоперевозки', '', '', '', '', NULL, '', 1, 69, 70, 3),
(37, 'Автосервис', '', '', '', '', NULL, '', 1, 71, 72, 3),
(38, 'Аренда авто', '', '', '', '', NULL, '', 1, 73, 74, 3),
(39, 'Пассажироперевозки', '', '', '', '', NULL, '', 1, 75, 76, 3),
(40, 'Недвижимость', '', '', '', '', 'nedvijimosti.jpg', '[]', 2, 1, 44, 1),
(41, 'Новостройки', '', '', '', '', NULL, '', 2, 2, 3, 2),
(42, 'Квартиры и комнаты', '', '', '', '', NULL, '', 2, 4, 17, 2),
(43, 'сдаю помесячно', '', '', '', '', NULL, '', 2, 5, 6, 3),
(44, 'сдаю посуточно', '', '', '', '', NULL, '', 2, 7, 8, 3),
(45, 'сниму', '', '', '', '', NULL, '', 2, 9, 10, 3),
(46, 'куплю', '', '', '', '', NULL, '', 2, 11, 12, 3),
(47, 'меняю', '', '', '', '', NULL, '', 2, 13, 14, 3),
(48, 'комнаты', '', '', '', '', NULL, '', 2, 15, 16, 3),
(49, 'Дома и дачи', '', '', '', '', NULL, '', 2, 18, 23, 2),
(50, 'сдаю посуточно', '', '', '', '', NULL, '', 2, 19, 20, 3),
(51, 'сдаю помесячно', '', '', '', '', NULL, '', 2, 21, 22, 3),
(52, 'Земельные участки', '', '', '', '', NULL, '', 2, 24, 29, 2),
(53, 'под сельское хозяйство', '', '', '', '', NULL, '', 2, 25, 26, 3),
(54, 'под строительство', '', '', '', '', NULL, '', 2, 27, 28, 3),
(55, 'Коммерческая недвижимость', '', '', '', '', NULL, '', 2, 30, 31, 2),
(56, 'торговые помещения', '', '', '', '', NULL, '', 2, 32, 39, 2),
(57, 'сниму', '', '', '', '', NULL, '', 2, 33, 34, 3),
(58, 'офисы', '', '', '', '', NULL, '', 2, 35, 36, 3),
(59, 'куплю', '', '', '', '', NULL, '', 2, 37, 38, 3),
(60, 'Гаражи и парковки', '', '', '', '', NULL, '', 2, 40, 41, 2),
(61, 'Риэлторские услуги', '', '', '', '', NULL, '', 2, 42, 43, 2),
(62, 'Телефоны и связь', '', '', '', '', 'mobile.jpg', '[]', 3, 1, 30, 1),
(63, 'Мобильные телефоны', '', '', '', '', NULL, '', 3, 2, 11, 2),
(64, 'Мобильные телефоны', '', '', '', '', NULL, '', 3, 3, 4, 3),
(65, 'Аксессуары', '', '', '', '', NULL, '', 3, 5, 6, 3),
(66, 'Запчасти для телефонов', '', '', '', '', NULL, '', 3, 7, 8, 3),
(67, 'Номера и абонементы', '', '', '', '', NULL, '', 3, 9, 10, 3),
(68, 'Сервис и ремонт телефонов', '', '', '', '', NULL, '', 3, 12, 13, 2),
(69, 'Другое', '', '', '', '', NULL, '', 3, 14, 29, 2),
(70, 'Карты памяти', '', '', '', '', NULL, '', 3, 15, 16, 3),
(71, 'Навигационное оборудование', '', '', '', '', NULL, '', 3, 17, 18, 3),
(72, 'Стационарные телефоны', '', '', '', '', NULL, '', 3, 19, 20, 3),
(73, 'Рации и радиостанции', '', '', '', '', NULL, '', 3, 21, 22, 3),
(74, 'Факсы', '', '', '', '', NULL, '', 3, 23, 24, 3),
(75, 'Офисные АТС', '', '', '', '', NULL, '', 3, 25, 26, 3),
(76, 'Зарядки и аккумуляторы', '', '', '', '', NULL, '', 3, 27, 28, 3),
(77, 'Компьютеры и оргтехника', '', '', '', '', 'comp.jpg', '[]', 4, 1, 78, 1),
(78, 'Компьютеры', '', '', '', '', NULL, '', 4, 2, 13, 2),
(79, 'Ноутбуки', '', '', '', '', NULL, '', 4, 3, 4, 3),
(80, 'Настольные компьютеры', '', '', '', '', NULL, '', 4, 5, 6, 3),
(81, 'Игровые приставки', '', '', '', '', NULL, '', 4, 7, 8, 3),
(82, 'Планшеты', '', '', '', '', NULL, '', 4, 9, 10, 3),
(83, 'Аксессуары', '', '', '', '', NULL, '', 4, 11, 12, 3),
(84, 'Оргтехника', '', '', '', '', NULL, '', 4, 14, 31, 2),
(85, 'Принтеры', '', '', '', '', NULL, '', 4, 15, 16, 3),
(86, 'Копировальные аппараты, МФУ', '', '', '', '', NULL, '', 4, 17, 18, 3),
(87, 'Расходные материалы', '', '', '', '', NULL, '', 4, 19, 20, 3),
(88, 'Проекторы и экраны', '', '', '', '', NULL, '', 4, 21, 22, 3),
(89, 'Офисная техника', '', '', '', '', NULL, '', 4, 23, 24, 3),
(90, 'Сканеры', '', '', '', '', NULL, '', 4, 25, 26, 3),
(91, 'Факсы', '', '', '', '', NULL, '', 4, 27, 28, 3),
(92, 'Калькуляторы, записные книжки', '', '', '', '', NULL, '', 4, 29, 30, 3),
(93, 'Программное обеспечение', '', '', '', '', NULL, '', 4, 32, 33, 2),
(94, 'Обслуживание компьютеров и оргтехники', '', '', '', '', NULL, '', 4, 34, 35, 2),
(95, 'Комплектующие', '', '', '', '', NULL, '', 4, 36, 77, 2),
(96, 'Мониторы', '', '', '', '', NULL, '', 4, 37, 38, 3),
(97, 'Комплектующие для ноутбуков', '', '', '', '', NULL, '', 4, 39, 40, 3),
(98, 'HDD', '', '', '', '', NULL, '', 4, 41, 42, 3),
(99, 'Видеокарты', '', '', '', '', NULL, '', 4, 43, 44, 3),
(100, 'Аудио и мультимедиа', '', '', '', '', NULL, '', 4, 45, 46, 3),
(101, 'Память', '', '', '', '', NULL, '', 4, 47, 48, 3),
(102, 'Клавиатуры, мыши, джойстики', '', '', '', '', NULL, '', 4, 49, 50, 3),
(103, 'Сетевое оборудование', '', '', '', '', NULL, '', 4, 51, 52, 3),
(104, 'Материнские платы', '', '', '', '', NULL, '', 4, 53, 54, 3),
(105, 'Процессоры', '', '', '', '', NULL, '', 4, 55, 56, 3),
(106, 'Корпуса и блоки питания, UPS', '', '', '', '', NULL, '', 4, 57, 58, 3),
(107, 'USB Flash', '', '', '', '', NULL, '', 4, 59, 60, 3),
(108, 'Карты памяти', '', '', '', '', NULL, '', 4, 61, 62, 3),
(109, 'CD/DVD ROM', '', '', '', '', NULL, '', 4, 63, 64, 3),
(110, 'Куллеры и охлаждение', '', '', '', '', NULL, '', 4, 65, 66, 3),
(111, 'USB, PCMCIA, FireWire, InfraRed', '', '', '', '', NULL, '', 4, 67, 68, 3),
(112, 'Контроллеры и адаптеры', '', '', '', '', NULL, '', 4, 69, 70, 3),
(113, 'Диски CD, DVD', '', '', '', '', NULL, '', 4, 71, 72, 3),
(114, 'Радиодетали', '', '', '', '', NULL, '', 4, 73, 74, 3),
(115, 'Накопители FDD, MO, ZIP, стримеры', '', '', '', '', NULL, '', 4, 75, 76, 3),
(116, 'Строительство и ремонт', '', '', '', '', 'stroitelstvo.jpg', '[]', 5, 1, 74, 1),
(117, 'Стройматериалы', '', '', '', '', NULL, '', 5, 2, 13, 2),
(118, 'Отделочные и облицовочные материалы', '', '', '', '', NULL, '', 5, 3, 4, 3),
(119, 'Кровельные материалы', '', '', '', '', NULL, '', 5, 5, 6, 3),
(120, 'Изоляционные материалы', '', '', '', '', NULL, '', 5, 7, 8, 3),
(121, 'Пиломатериалы', '', '', '', '', NULL, '', 5, 9, 10, 3),
(122, 'Общестроительные материалы', '', '', '', '', NULL, '', 5, 11, 12, 3),
(123, 'Оборудование и инструменты', '', '', '', '', NULL, '', 5, 14, 29, 2),
(124, 'Электрооборудование', '', '', '', '', NULL, '', 5, 15, 16, 3),
(125, 'Насосы и помпы', '', '', '', '', NULL, '', 5, 17, 18, 3),
(126, 'Строительная техника', '', '', '', '', NULL, '', 5, 19, 20, 3),
(127, 'Бензоинструменты', '', '', '', '', NULL, '', 5, 21, 22, 3),
(128, 'Освещение и комплектующие', '', '', '', '', NULL, '', 5, 23, 24, 3),
(129, 'Пневматическое оборудование', '', '', '', '', NULL, '', 5, 25, 26, 3),
(130, 'Ручной инструмент', '', '', '', '', NULL, '', 5, 27, 28, 3),
(131, 'Сантехника', '', '', '', '', NULL, '', 5, 30, 39, 2),
(132, 'Санфаянс, сантехника', '', '', '', '', NULL, '', 5, 31, 32, 3),
(133, 'Водопровод и канализация', '', '', '', '', NULL, '', 5, 33, 34, 3),
(134, 'Кухонные мойки', '', '', '', '', NULL, '', 5, 35, 36, 3),
(135, 'Смесители', '', '', '', '', NULL, '', 5, 37, 38, 3),
(136, 'Изделия', '', '', '', '', NULL, '', 5, 40, 49, 2),
(137, 'Изделия из металла', '', '', '', '', NULL, '', 5, 41, 42, 3),
(138, 'Изделия из железобетона', '', '', '', '', NULL, '', 5, 43, 44, 3),
(139, 'Конструкции из дерева', '', '', '', '', NULL, '', 5, 45, 46, 3),
(140, 'Изделия из стекла', '', '', '', '', NULL, '', 5, 47, 48, 3),
(141, 'Окна, двери, вентиляция и отопление', '', '', '', '', NULL, '', 5, 50, 59, 2),
(142, 'Системы отопления', '', '', '', '', NULL, '', 5, 51, 52, 3),
(143, 'Окна и двери', '', '', '', '', NULL, '', 5, 53, 54, 3),
(144, 'Системы кондиционирования', '', '', '', '', NULL, '', 5, 55, 56, 3),
(145, 'Системы вентиляции', '', '', '', '', NULL, '', 5, 57, 58, 3),
(146, 'Услуги', '', '', '', '', NULL, '', 5, 60, 73, 2),
(147, 'Ремонтные работы', '', '', '', '', NULL, '', 5, 61, 62, 3),
(148, 'Строительно-монтажные работы', '', '', '', '', NULL, '', 5, 63, 64, 3),
(149, 'Сантехнические работы', '', '', '', '', NULL, '', 5, 65, 66, 3),
(150, 'Электроработы', '', '', '', '', NULL, '', 5, 67, 68, 3),
(151, 'Архитектура, проектирование, дизайн', '', '', '', '', NULL, '', 5, 69, 70, 3),
(152, 'Металлообработка', '', '', '', '', NULL, '', 5, 71, 72, 3),
(153, 'Одежда, обувь и аксессуары', '', '', '', '', NULL, '', 6, 1, 90, 1),
(154, 'Для женщин', '', '', '', '', NULL, '', 6, 2, 11, 2),
(155, 'Женская верхняя одежда', '', '', '', '', NULL, '', 6, 3, 4, 3),
(156, 'Женская одежда', '', '', '', '', NULL, '', 6, 5, 6, 3),
(157, 'Женская обувь', '', '', '', '', NULL, '', 6, 7, 8, 3),
(158, 'Женское нижнее белье', '', '', '', '', NULL, '', 6, 9, 10, 3),
(159, 'Спортивная одежда', '', '', '', '', NULL, '', 6, 12, 29, 2),
(160, 'Купальники и плавки', '', '', '', '', NULL, '', 6, 13, 14, 3),
(161, 'Спортивная обувь', '', '', '', '', NULL, '', 6, 15, 16, 3),
(162, 'Футболки, майки, топы', '', '', '', '', NULL, '', 6, 17, 18, 3),
(163, 'Спортивная верхняя одежда', '', '', '', '', NULL, '', 6, 19, 20, 3),
(164, 'Комбинезоны', '', '', '', '', NULL, '', 6, 21, 22, 3),
(165, 'Спортивная форма', '', '', '', '', NULL, '', 6, 23, 24, 3),
(166, 'Термобелье', '', '', '', '', NULL, '', 6, 25, 26, 3),
(167, 'Брюки/Юбки/Шорты', '', '', '', '', NULL, '', 6, 27, 28, 3),
(168, 'Свадьба', '', '', '', '', NULL, '', 6, 30, 37, 2),
(169, 'Свадебные платья', '', '', '', '', NULL, '', 6, 31, 32, 3),
(170, 'Свадебная обувь', '', '', '', '', NULL, '', 6, 33, 34, 3),
(171, 'Свадебные аксессуары', '', '', '', '', NULL, '', 6, 35, 36, 3),
(172, 'Специальная одежда', '', '', '', '', NULL, '', 6, 38, 45, 2),
(173, 'Спецодежда', '', '', '', '', NULL, '', 6, 39, 40, 3),
(174, 'Спецобувь', '', '', '', '', NULL, '', 6, 41, 42, 3),
(175, 'Карнавальные костюмы', '', '', '', '', NULL, '', 6, 43, 44, 3),
(176, 'Для мужчин', '', '', '', '', NULL, '', 6, 46, 55, 2),
(177, 'Мужская верхняя одежда', '', '', '', '', NULL, '', 6, 47, 48, 3),
(178, 'Мужская одежда', '', '', '', '', NULL, '', 6, 49, 50, 3),
(179, 'Мужская обувь', '', '', '', '', NULL, '', 6, 51, 52, 3),
(180, 'Мужское нижнее белье', '', '', '', '', NULL, '', 6, 53, 54, 3),
(181, 'Аксессуары', '', '', '', '', NULL, '', 6, 56, 71, 2),
(182, 'Часы', '', '', '', '', NULL, '', 6, 57, 58, 3),
(183, 'Очки', '', '', '', '', NULL, '', 6, 59, 60, 3),
(184, 'Ювелирные изделия, бижутерия', '', '', '', '', NULL, '', 6, 61, 62, 3),
(185, 'Сумочки, Портфели', '', '', '', '', NULL, '', 6, 63, 64, 3),
(186, 'Кошельки, ремни, перчатки', '', '', '', '', NULL, '', 6, 65, 66, 3),
(187, 'Галстуки, бабочки, платки, шарфы', '', '', '', '', NULL, '', 6, 67, 68, 3),
(188, 'Головные уборы', '', '', '', '', NULL, '', 6, 69, 70, 3),
(189, 'Для детей', '', '', '', '', NULL, '', 6, 72, 81, 2),
(190, 'Одежда для мальчиков', '', '', '', '', NULL, '', 6, 73, 74, 3),
(191, 'Одежда для девочек', '', '', '', '', NULL, '', 6, 75, 76, 3),
(192, 'Детская обувь', '', '', '', '', NULL, '', 6, 77, 78, 3),
(193, 'Одежда и обувь для новорожденных', '', '', '', '', NULL, '', 6, 79, 80, 3),
(194, 'Услуги', '', '', '', '', NULL, '', 6, 82, 89, 2),
(195, 'Доставка одежды и обуви', '', '', '', '', NULL, '', 6, 83, 84, 3),
(196, 'Химчистка и прачечные', '', '', '', '', NULL, '', 6, 85, 86, 3),
(197, 'Ателье', '', '', '', '', NULL, '', 6, 87, 88, 3),
(198, 'Мебель и интерьер', '', '', '', '', NULL, '', 7, 1, 46, 1),
(199, 'Мебель', '', '', '', '', NULL, '', 7, 2, 29, 2),
(200, 'Мягкая мебель', '', '', '', '', NULL, '', 7, 3, 4, 3),
(201, 'Столы / Стулья / Табуретки', '', '', '', '', NULL, '', 7, 5, 6, 3),
(202, 'Шкафы/Шкафы купе', '', '', '', '', NULL, '', 7, 7, 8, 3),
(203, 'Стенки / Горки', '', '', '', '', NULL, '', 7, 9, 10, 3),
(204, 'Кухни', '', '', '', '', NULL, '', 7, 11, 12, 3),
(205, 'Антиквариат, коллекционирование', '', '', '', '', NULL, '', 7, 13, 14, 3),
(206, 'Офисная мебель', '', '', '', '', NULL, '', 7, 15, 16, 3),
(207, 'Компьютерная мебель', '', '', '', '', NULL, '', 7, 17, 18, 3),
(208, 'Прихожие', '', '', '', '', NULL, '', 7, 19, 20, 3),
(209, 'Дачная мебель', '', '', '', '', NULL, '', 7, 21, 22, 3),
(210, 'Мебель для кафе, баров и ресторанов', '', '', '', '', NULL, '', 7, 23, 24, 3),
(211, 'Надувная мебель', '', '', '', '', NULL, '', 7, 25, 26, 3),
(212, 'Спальни и кровати', '', '', '', '', NULL, '', 7, 27, 28, 3),
(213, 'Предметы интерьера', '', '', '', '', NULL, '', 7, 30, 43, 2),
(214, 'Текстиль и ковры', '', '', '', '', NULL, '', 7, 31, 32, 3),
(215, 'Картины', '', '', '', '', NULL, '', 7, 33, 34, 3),
(216, 'Жалюзи и шторы', '', '', '', '', NULL, '', 7, 35, 36, 3),
(217, 'Люстры и светильники', '', '', '', '', NULL, '', 7, 37, 38, 3),
(218, 'Камины и печи', '', '', '', '', NULL, '', 7, 39, 40, 3),
(219, 'Зеркала', '', '', '', '', NULL, '', 7, 41, 42, 3),
(220, 'Изготовление и ремонт мебели', '', '', '', '', NULL, '', 7, 44, 45, 2),
(221, 'Аудио-Видео-Фото', '', '', '', '', NULL, '', 8, 1, 68, 1),
(222, 'Теле и видеотехника', '', '', '', '', NULL, '', 8, 2, 13, 2),
(223, 'Телевизоры', '', '', '', '', NULL, '', 8, 3, 4, 3),
(224, 'Видеокамеры', '', '', '', '', NULL, '', 8, 5, 6, 3),
(225, 'Видеоплееры', '', '', '', '', NULL, '', 8, 7, 8, 3),
(226, 'Проекторы и экраны', '', '', '', '', NULL, '', 8, 9, 10, 3),
(227, 'Спутниковые антенны', '', '', '', '', NULL, '', 8, 11, 12, 3),
(228, 'Фото', '', '', '', '', NULL, '', 8, 14, 33, 2),
(229, 'Фотоаппараты', '', '', '', '', NULL, '', 8, 15, 16, 3),
(230, 'Объективы, cветофильтры', '', '', '', '', NULL, '', 8, 17, 18, 3),
(231, 'Аксессуары фото', '', '', '', '', NULL, '', 8, 19, 20, 3),
(232, 'Вспышки, свет', '', '', '', '', NULL, '', 8, 21, 22, 3),
(233, 'Штативы, моноподы', '', '', '', '', NULL, '', 8, 23, 24, 3),
(234, 'Бинокли, телескопы, микроскопы', '', '', '', '', NULL, '', 8, 25, 26, 3),
(235, 'Карты памяти', '', '', '', '', NULL, '', 8, 27, 28, 3),
(236, 'Сумки и чехлы', '', '', '', '', NULL, '', 8, 29, 30, 3),
(237, 'Аккумуляторы и зарядные устройства', '', '', '', '', NULL, '', 8, 31, 32, 3),
(238, 'Аудиотехника', '', '', '', '', NULL, '', 8, 34, 51, 2),
(239, 'Автомагнитолы и DVD', '', '', '', '', NULL, '', 8, 35, 36, 3),
(240, 'Акустика, колонки', '', '', '', '', NULL, '', 8, 37, 38, 3),
(241, 'Микрофоны, наушники', '', '', '', '', NULL, '', 8, 39, 40, 3),
(242, 'Портативное аудио', '', '', '', '', NULL, '', 8, 41, 42, 3),
(243, 'Домашнее аудио', '', '', '', '', NULL, '', 8, 43, 44, 3),
(244, 'Стереокомпоненты', '', '', '', '', NULL, '', 8, 45, 46, 3),
(245, 'Домашние кинотеатры', '', '', '', '', NULL, '', 8, 47, 48, 3),
(246, 'Аксессуары аудио/видео', '', '', '', '', NULL, '', 8, 49, 50, 3),
(247, 'Студийное оборудование', '', '', '', '', NULL, '', 8, 52, 61, 2),
(248, 'Студийное аудио', '', '', '', '', NULL, '', 8, 53, 54, 3),
(249, 'Студийный свет', '', '', '', '', NULL, '', 8, 55, 56, 3),
(250, 'Аксессуары студия', '', '', '', '', NULL, '', 8, 57, 58, 3),
(251, 'Студийное видео', '', '', '', '', NULL, '', 8, 59, 60, 3),
(252, 'Услуги', '', '', '', '', NULL, '', 8, 62, 67, 2),
(253, 'Ремонт и установка аудио-видео-фото', '', '', '', '', NULL, '', 8, 63, 64, 3),
(254, 'Оцифровка, обработка', '', '', '', '', NULL, '', 8, 65, 66, 3),
(255, 'Все для торжеств', '', '', '', '', NULL, '', 9, 1, 40, 1),
(256, 'Подарки', '', '', '', '', NULL, '', 9, 2, 23, 2),
(257, 'Приятные мелочи', '', '', '', '', NULL, '', 9, 3, 4, 3),
(258, 'VIP подарки и сувениры', '', '', '', '', NULL, '', 9, 5, 6, 3),
(259, 'Антиквариат, коллекционирование', '', '', '', '', NULL, '', 9, 7, 8, 3),
(260, 'Элитный алкоголь', '', '', '', '', NULL, '', 9, 9, 10, 3),
(261, 'Подарки для любителей курения', '', '', '', '', NULL, '', 9, 11, 12, 3),
(262, 'Цветы', '', '', '', '', NULL, '', 9, 13, 14, 3),
(263, 'Сувенирное оружие', '', '', '', '', NULL, '', 9, 15, 16, 3),
(264, 'Письменные наборы, ручки', '', '', '', '', NULL, '', 9, 17, 18, 3),
(265, 'Новогодние подарки', '', '', '', '', NULL, '', 9, 19, 20, 3),
(266, 'Барометры, гербы, кубки', '', '', '', '', NULL, '', 9, 21, 22, 3),
(267, 'Услуги', '', '', '', '', NULL, '', 9, 24, 39, 2),
(268, 'Фото-видео услуги', '', '', '', '', NULL, '', 9, 25, 26, 3),
(269, 'Обслуживание торжеств', '', '', '', '', NULL, '', 9, 27, 28, 3),
(270, 'Артисты, музыканты', '', '', '', '', NULL, '', 9, 29, 30, 3),
(271, 'Транспорт для торжеств', '', '', '', '', NULL, '', 9, 31, 32, 3),
(272, 'Ведущие и шоу-программы', '', '', '', '', NULL, '', 9, 33, 34, 3),
(273, 'Оформление залов', '', '', '', '', NULL, '', 9, 35, 36, 3),
(274, 'Кулинария', '', '', '', '', NULL, '', 9, 37, 38, 3),
(275, 'Бытовая техника', '', '', '', '', NULL, '', 10, 1, 76, 1),
(276, 'Для кухни', '', '', '', '', NULL, '', 10, 2, 31, 2),
(277, 'Холодильники', '', '', '', '', NULL, '', 10, 3, 4, 3),
(278, 'Газовые и электроплиты', '', '', '', '', NULL, '', 10, 5, 6, 3),
(279, 'Кофеварки, кофемолки', '', '', '', '', NULL, '', 10, 7, 8, 3),
(280, 'Микроволновые печи', '', '', '', '', NULL, '', 10, 9, 10, 3),
(281, 'Блендеры, миксеры, соковыжималки', '', '', '', '', NULL, '', 10, 11, 12, 3),
(282, 'Посудомоечные машины', '', '', '', '', NULL, '', 10, 13, 14, 3),
(283, 'Тостеры, хлебопечи', '', '', '', '', NULL, '', 10, 15, 16, 3),
(284, 'Вытяжки', '', '', '', '', NULL, '', 10, 17, 18, 3),
(285, 'Кухонные комбайны', '', '', '', '', NULL, '', 10, 19, 20, 3),
(286, 'Грили, шашлычницы', '', '', '', '', NULL, '', 10, 21, 22, 3),
(287, 'Мясорубки', '', '', '', '', NULL, '', 10, 23, 24, 3),
(288, 'Чайники', '', '', '', '', NULL, '', 10, 25, 26, 3),
(289, 'Пароварки, мультиварки', '', '', '', '', NULL, '', 10, 27, 28, 3),
(290, 'Вафельницы, блинницы', '', '', '', '', NULL, '', 10, 29, 30, 3),
(291, 'Для дома', '', '', '', '', NULL, '', 10, 32, 45, 2),
(292, 'Стиральные машины', '', '', '', '', NULL, '', 10, 33, 34, 3),
(293, 'Швейная техника', '', '', '', '', NULL, '', 10, 35, 36, 3),
(294, 'Спутниковые антенны', '', '', '', '', NULL, '', 10, 37, 38, 3),
(295, 'Пылесосы', '', '', '', '', NULL, '', 10, 39, 40, 3),
(296, 'Утюги, пароочистители', '', '', '', '', NULL, '', 10, 41, 42, 3),
(297, 'Уборка и мойка', '', '', '', '', NULL, '', 10, 43, 44, 3),
(298, 'Климатические системы', '', '', '', '', NULL, '', 10, 46, 61, 2),
(299, 'Кондиционеры', '', '', '', '', NULL, '', 10, 47, 48, 3),
(300, 'Водонагреватели, колонки', '', '', '', '', NULL, '', 10, 49, 50, 3),
(301, 'Обогрев и отопление', '', '', '', '', NULL, '', 10, 51, 52, 3),
(302, 'Насосы и помпы', '', '', '', '', NULL, '', 10, 53, 54, 3),
(303, 'Кулеры и фильтры', '', '', '', '', NULL, '', 10, 55, 56, 3),
(304, 'Вентиляторы', '', '', '', '', NULL, '', 10, 57, 58, 3),
(305, 'Ионизаторы, климатизаторы', '', '', '', '', NULL, '', 10, 59, 60, 3),
(306, 'Личная гигиена', '', '', '', '', NULL, '', 10, 62, 73, 2),
(307, 'Фены, укладка', '', '', '', '', NULL, '', 10, 63, 64, 3),
(308, 'Весы', '', '', '', '', NULL, '', 10, 65, 66, 3),
(309, 'Стрижка, эпиляция, бритьё', '', '', '', '', NULL, '', 10, 67, 68, 3),
(310, 'Массажеры', '', '', '', '', NULL, '', 10, 69, 70, 3),
(311, 'Уход за телом и лицом', '', '', '', '', NULL, '', 10, 71, 72, 3),
(312, 'Ремонт и установка бытовой техники', '', '', '', '', NULL, '', 10, 74, 75, 2),
(313, 'Работа', '', '', '', '', 'rabota.jpg', '[]', 11, 1, 170, 1),
(314, 'Сельское хозяйство', '', '', '', '', NULL, '', 11, 2, 7, 2),
(315, 'Агрономия', '', '', '', '', NULL, '', 11, 3, 4, 3),
(316, 'Зоотехния и ветеринария', '', '', '', '', NULL, '', 11, 5, 6, 3),
(317, 'Туризм, Рестораны, общепит', '', '', '', '', NULL, '', 11, 8, 17, 2),
(318, 'Администрация ресторана', '', '', '', '', NULL, '', 11, 9, 10, 3),
(319, 'Официант, бармен', '', '', '', '', NULL, '', 11, 11, 12, 3),
(320, 'Работники кухни', '', '', '', '', NULL, '', 11, 13, 14, 3),
(321, 'Туризм', '', '', '', '', NULL, '', 11, 15, 16, 3),
(322, 'Маркетинг, Реклама, PR', '', '', '', '', NULL, '', 11, 18, 27, 2),
(323, 'Копирайтинг / контент-менеджмент', '', '', '', '', NULL, '', 11, 19, 20, 3),
(324, 'Маркетинг', '', '', '', '', NULL, '', 11, 21, 22, 3),
(325, 'Промоутер', '', '', '', '', NULL, '', 11, 23, 24, 3),
(326, 'PR', '', '', '', '', NULL, '', 11, 25, 26, 3),
(327, 'Юриспруденция и Страхование', '', '', '', '', NULL, '', 11, 28, 33, 2),
(328, 'Юристы, адвокаты, нотариусы', '', '', '', '', NULL, '', 11, 29, 30, 3),
(329, 'Страхование, коллекторы, приставы, оц', '', '', '', '', NULL, '', 11, 31, 32, 3),
(330, 'Спорт и Красота', '', '', '', '', NULL, '', 11, 34, 43, 2),
(331, 'Визажист/Косметолог', '', '', '', '', NULL, '', 11, 35, 36, 3),
(332, 'Мастер маникюра / педикюра', '', '', '', '', NULL, '', 11, 37, 38, 3),
(333, 'Парикмахер, стилист', '', '', '', '', NULL, '', 11, 39, 40, 3),
(334, 'Тренер, инструктор', '', '', '', '', NULL, '', 11, 41, 42, 3),
(335, 'Банки, Финансы, Бухгалтерия', '', '', '', '', NULL, '', 11, 44, 51, 2),
(336, 'Аудиторство', '', '', '', '', NULL, '', 11, 45, 46, 3),
(337, 'Банки, Кредитование, Лизинг', '', '', '', '', NULL, '', 11, 47, 48, 3),
(338, 'Бухгалтерия', '', '', '', '', NULL, '', 11, 49, 50, 3),
(339, 'Образование', '', '', '', '', NULL, '', 11, 52, 61, 2),
(340, 'Преподаватели, репетиторы', '', '', '', '', NULL, '', 11, 53, 54, 3),
(341, 'Дошкольное образование', '', '', '', '', NULL, '', 11, 55, 56, 3),
(342, 'Иностранные языки', '', '', '', '', NULL, '', 11, 57, 58, 3),
(343, 'Курсы, семинары, тренинги', '', '', '', '', NULL, '', 11, 59, 60, 3),
(344, 'Дизайн, Искусство, Развлечения', '', '', '', '', NULL, '', 11, 62, 71, 2),
(345, 'Дизайн и Графика', '', '', '', '', NULL, '', 11, 63, 64, 3),
(346, 'Искусство', '', '', '', '', NULL, '', 11, 65, 66, 3),
(347, 'Развлечения', '', '', '', '', NULL, '', 11, 67, 68, 3),
(348, 'Фото, видео, аудио', '', '', '', '', NULL, '', 11, 69, 70, 3),
(349, 'Транспорт и Логистика', '', '', '', '', NULL, '', 11, 72, 83, 2),
(350, 'Автомойка', '', '', '', '', NULL, '', 11, 73, 74, 3),
(351, 'Автосервис', '', '', '', '', NULL, '', 11, 75, 76, 3),
(352, 'Водитель / Экспедитор', '', '', '', '', NULL, '', 11, 77, 78, 3),
(353, 'Логистика и Перевозки', '', '', '', '', NULL, '', 11, 79, 80, 3),
(354, 'Работник заправки', '', '', '', '', NULL, '', 11, 81, 82, 3),
(355, 'Медицина и Фармацевтика', '', '', '', '', NULL, '', 11, 84, 91, 2),
(356, 'Массаж', '', '', '', '', NULL, '', 11, 85, 86, 3),
(357, 'Медицинский персонал', '', '', '', '', NULL, '', 11, 87, 88, 3),
(358, 'Фармацевтика', '', '', '', '', NULL, '', 11, 89, 90, 3),
(359, 'IT и Телекоммуникации', '', '', '', '', NULL, '', 11, 92, 103, 2),
(360, 'IT программирование', '', '', '', '', NULL, '', 11, 93, 94, 3),
(361, 'IT менеджмент', '', '', '', '', NULL, '', 11, 95, 96, 3),
(362, 'Системное администрирование', '', '', '', '', NULL, '', 11, 97, 98, 3),
(363, 'Телекоммуникации', '', '', '', '', NULL, '', 11, 99, 100, 3),
(364, 'SEO', '', '', '', '', NULL, '', 11, 101, 102, 3),
(365, 'Производство, промышленность', '', '', '', '', NULL, '', 11, 104, 111, 2),
(366, 'Инженеры/технологи производства', '', '', '', '', NULL, '', 11, 105, 106, 3),
(367, 'Менеджмент производства', '', '', '', '', NULL, '', 11, 107, 108, 3),
(368, 'Рабочие на производство', '', '', '', '', NULL, '', 11, 109, 110, 3),
(369, 'Строительство и Недвижимость', '', '', '', '', NULL, '', 11, 112, 121, 2),
(370, 'Недвижимость', '', '', '', '', NULL, '', 11, 113, 114, 3),
(371, 'Проектирование и архитектура', '', '', '', '', NULL, '', 11, 115, 116, 3),
(372, 'Производство стройматериалов', '', '', '', '', NULL, '', 11, 117, 118, 3),
(373, 'Строительные специализации', '', '', '', '', NULL, '', 11, 119, 120, 3),
(374, 'СМИ, Журналистика, Переводы', '', '', '', '', NULL, '', 11, 122, 131, 2),
(375, 'Ведущий', '', '', '', '', NULL, '', 11, 123, 124, 3),
(376, 'Журналистика', '', '', '', '', NULL, '', 11, 125, 126, 3),
(377, 'Переводчики', '', '', '', '', NULL, '', 11, 127, 128, 3),
(378, 'Продюсер', '', '', '', '', NULL, '', 11, 129, 130, 3),
(379, 'Торговля и Продажи', '', '', '', '', NULL, '', 11, 132, 143, 2),
(380, 'Менеджер по работе с клиентами', '', '', '', '', NULL, '', 11, 133, 134, 3),
(381, 'Продавцы, кассиры', '', '', '', '', NULL, '', 11, 135, 136, 3),
(382, 'Продажи по телефону (телемаркетинг)', '', '', '', '', NULL, '', 11, 137, 138, 3),
(383, 'Торговые представители', '', '', '', '', NULL, '', 11, 139, 140, 3),
(384, 'Управление продажами', '', '', '', '', NULL, '', 11, 141, 142, 3),
(385, 'Охрана и Безопасность', '', '', '', '', NULL, '', 11, 144, 149, 2),
(386, 'Охранник / Телохранитель', '', '', '', '', NULL, '', 11, 145, 146, 3),
(387, 'Специалист по безопасности', '', '', '', '', NULL, '', 11, 147, 148, 3),
(388, 'Персонал для дома и офиса', '', '', '', '', NULL, '', 11, 150, 163, 2),
(389, 'Курьер', '', '', '', '', NULL, '', 11, 151, 152, 3),
(390, 'Удаленная работа', '', '', '', '', NULL, '', 11, 153, 154, 3),
(391, 'Няня, Сиделка', '', '', '', '', NULL, '', 11, 155, 156, 3),
(392, 'Офис-менеджер / секретарь', '', '', '', '', NULL, '', 11, 157, 158, 3),
(393, 'Разнорабочие', '', '', '', '', NULL, '', 11, 159, 160, 3),
(394, 'Уборщица/горничная', '', '', '', '', NULL, '', 11, 161, 162, 3),
(395, 'HR, Соц. работа', '', '', '', '', NULL, '', 11, 164, 169, 2),
(396, 'Психология / Соц. работа', '', '', '', '', NULL, '', 11, 165, 166, 3),
(397, 'HR, Кадры', '', '', '', '', NULL, '', 11, 167, 168, 3),
(398, 'Услуги', '', '', '', '', NULL, '', 12, 1, 130, 1),
(399, 'Бытовые услуги', '', '', '', '', NULL, '', 12, 2, 23, 2),
(400, 'Ремонт и установка бытовой техники', '', '', '', '', NULL, '', 12, 3, 4, 3),
(401, 'Ремонт и установка аудио-видео-фото', '', '', '', '', NULL, '', 12, 5, 6, 3),
(402, 'Изготовление и ремонт мебели', '', '', '', '', NULL, '', 12, 7, 8, 3),
(403, 'Сервис и ремонт телефонов', '', '', '', '', NULL, '', 12, 9, 10, 3),
(404, 'Клининговые услуги', '', '', '', '', NULL, '', 12, 11, 12, 3),
(405, 'Риэлторские услуги', '', '', '', '', NULL, '', 12, 13, 14, 3),
(406, 'Доставка одежды и обуви', '', '', '', '', NULL, '', 12, 15, 16, 3),
(407, 'Ателье', '', '', '', '', NULL, '', 12, 17, 18, 3),
(408, 'Ритуальные услуги', '', '', '', '', NULL, '', 12, 19, 20, 3),
(409, 'Химчистка и прачечные', '', '', '', '', NULL, '', 12, 21, 22, 3),
(410, 'Красота, здоровье', '', '', '', '', NULL, '', 12, 24, 33, 2),
(411, 'Парикмахерские услуги', '', '', '', '', NULL, '', 12, 25, 26, 3),
(412, 'Косметология и макияж', '', '', '', '', NULL, '', 12, 27, 28, 3),
(413, 'Наращивание, маникюр, педикюр', '', '', '', '', NULL, '', 12, 29, 30, 3),
(414, 'Медицина и массаж', '', '', '', '', NULL, '', 12, 31, 32, 3),
(415, 'Реклама, полиграфия', '', '', '', '', NULL, '', 12, 34, 41, 2),
(416, 'Полиграфия, дизайн', '', '', '', '', NULL, '', 12, 35, 36, 3),
(417, 'Маркетинг, PR', '', '', '', '', NULL, '', 12, 37, 38, 3),
(418, 'Рекламные услуги', '', '', '', '', NULL, '', 12, 39, 40, 3),
(419, 'Деловые услуги', '', '', '', '', NULL, '', 12, 42, 55, 2),
(420, 'Деловое сотрудничество', '', '', '', '', NULL, '', 12, 43, 44, 3),
(421, 'Юридические услуги', '', '', '', '', NULL, '', 12, 45, 46, 3),
(422, 'Кредитование и лизинг', '', '', '', '', NULL, '', 12, 47, 48, 3),
(423, 'Страховые услуги и консалтинг', '', '', '', '', NULL, '', 12, 49, 50, 3),
(424, 'Бухгалтерия и аудит', '', '', '', '', NULL, '', 12, 51, 52, 3),
(425, 'Охрана и безопасность', '', '', '', '', NULL, '', 12, 53, 54, 3),
(426, 'IT, интернет', '', '', '', '', NULL, '', 12, 56, 61, 2),
(427, 'Обслуживание компьютеров и оргтехники', '', '', '', '', NULL, '', 12, 57, 58, 3),
(428, 'Разработка и поддержка сайтов', '', '', '', '', NULL, '', 12, 59, 60, 3),
(429, 'Ремонт, строительство', '', '', '', '', NULL, '', 12, 62, 75, 2),
(430, 'Ремонтные работы', '', '', '', '', NULL, '', 12, 63, 64, 3),
(431, 'Строительно-монтажные работы', '', '', '', '', NULL, '', 12, 65, 66, 3),
(432, 'Сантехнические работы', '', '', '', '', NULL, '', 12, 67, 68, 3),
(433, 'Электроработы', '', '', '', '', NULL, '', 12, 69, 70, 3),
(434, 'Архитектура, проектирование, дизайн', '', '', '', '', NULL, '', 12, 71, 72, 3),
(435, 'Металлообработка', '', '', '', '', NULL, '', 12, 73, 74, 3),
(436, 'Транспорт, перевозки', '', '', '', '', NULL, '', 12, 76, 87, 2),
(437, 'Грузоперевозки', '', '', '', '', NULL, '', 12, 77, 78, 3),
(438, 'Пассажироперевозки', '', '', '', '', NULL, '', 12, 79, 80, 3),
(439, 'Автосервис', '', '', '', '', NULL, '', 12, 81, 82, 3),
(440, 'Аренда авто', '', '', '', '', NULL, '', 12, 83, 84, 3),
(441, 'Транспорт для торжеств', '', '', '', '', NULL, '', 12, 85, 86, 3),
(442, 'Обучение, курсы', '', '', '', '', NULL, '', 12, 88, 97, 2),
(443, 'Преподаватели, репетиторы', '', '', '', '', NULL, '', 12, 89, 90, 3),
(444, 'Дошкольное образование', '', '', '', '', NULL, '', 12, 91, 92, 3),
(445, 'Иностранные языки', '', '', '', '', NULL, '', 12, 93, 94, 3),
(446, 'Курсы, семинары, тренинги', '', '', '', '', NULL, '', 12, 95, 96, 3),
(447, 'Праздники, мероприятия', '', '', '', '', NULL, '', 12, 98, 111, 2),
(448, 'Фото-видео услуги', '', '', '', '', NULL, '', 12, 99, 100, 3),
(449, 'Обслуживание торжеств', '', '', '', '', NULL, '', 12, 101, 102, 3),
(450, 'Ведущие и шоу-программы', '', '', '', '', NULL, '', 12, 103, 104, 3),
(451, 'Оформление залов', '', '', '', '', NULL, '', 12, 105, 106, 3),
(452, 'Артисты, музыканты', '', '', '', '', NULL, '', 12, 107, 108, 3),
(453, 'Кулинария', '', '', '', '', NULL, '', 12, 109, 110, 3),
(454, 'Сельхоз Услуги', '', '', '', '', NULL, '', 12, 112, 113, 2),
(455, 'Уход за животными', '', '', '', '', NULL, '', 12, 114, 127, 2),
(456, 'Вязка', '', '', '', '', NULL, '', 12, 115, 116, 3),
(457, 'Ветеринарные услуги', '', '', '', '', NULL, '', 12, 117, 118, 3),
(458, 'Дрессировка', '', '', '', '', NULL, '', 12, 119, 120, 3),
(459, 'Уход за домашними питомцами', '', '', '', '', NULL, '', 12, 121, 122, 3),
(460, 'Питомники', '', '', '', '', NULL, '', 12, 123, 124, 3),
(461, 'Поиск питомцев', '', '', '', '', NULL, '', 12, 125, 126, 3),
(462, 'Образование и няни', '', '', '', '', NULL, '', 12, 128, 129, 2),
(463, 'Бизнес', '', '', '', '', NULL, '', 13, 1, 48, 1),
(464, 'Деловые предложения', '', '', '', '', NULL, '', 13, 2, 27, 2),
(465, 'Действующий бизнес', '', '', '', '', NULL, '', 13, 3, 4, 3),
(466, 'Деловое сотрудничество', '', '', '', '', NULL, '', 13, 5, 6, 3),
(467, 'Поиск партнеров', '', '', '', '', NULL, '', 13, 7, 8, 3),
(468, 'Инвестиционные проекты', '', '', '', '', NULL, '', 13, 9, 10, 3),
(469, 'Деловые идеи / инновации / изобретени', '', '', '', '', NULL, '', 13, 11, 12, 3),
(470, 'Официальные дилеры', '', '', '', '', NULL, '', 13, 13, 14, 3),
(471, 'Операции с ценными бумагами', '', '', '', '', NULL, '', 13, 15, 16, 3),
(472, 'Представительства', '', '', '', '', NULL, '', 13, 17, 18, 3),
(473, 'Доли в уставных капиталах', '', '', '', '', NULL, '', 13, 19, 20, 3),
(474, 'Пакеты акций предприятий', '', '', '', '', NULL, '', 13, 21, 22, 3),
(475, 'Паи', '', '', '', '', NULL, '', 13, 23, 24, 3),
(476, 'Проведение тендеров и аукционов', '', '', '', '', NULL, '', 13, 25, 26, 3),
(477, 'Услуги', '', '', '', '', NULL, '', 13, 28, 45, 2),
(478, 'Рекламные услуги', '', '', '', '', NULL, '', 13, 29, 30, 3),
(479, 'Разработка и поддержка сайтов', '', '', '', '', NULL, '', 13, 31, 32, 3),
(480, 'Полиграфия, дизайн', '', '', '', '', NULL, '', 13, 33, 34, 3),
(481, 'Маркетинг, PR', '', '', '', '', NULL, '', 13, 35, 36, 3),
(482, 'Юридические услуги', '', '', '', '', NULL, '', 13, 37, 38, 3),
(483, 'Бухгалтерия и аудит', '', '', '', '', NULL, '', 13, 39, 40, 3),
(484, 'Страховые услуги и консалтинг', '', '', '', '', NULL, '', 13, 41, 42, 3),
(485, 'Кредитование и лизинг', '', '', '', '', NULL, '', 13, 43, 44, 3),
(486, 'Кассовые аппараты и весы', '', '', '', '', NULL, '', 13, 46, 47, 2),
(487, 'Все для дома и офиса', '', '', '', '', NULL, '', 14, 1, 30, 1),
(488, 'Товары для дома', '', '', '', '', NULL, '', 14, 2, 13, 2),
(489, 'Кухонные принадлежности, посуда', '', '', '', '', NULL, '', 14, 3, 4, 3),
(490, 'Хозяйственный инвентарь', '', '', '', '', NULL, '', 14, 5, 6, 3),
(491, 'Ткани и постельное бельё', '', '', '', '', NULL, '', 14, 7, 8, 3),
(492, 'Бытовая химия', '', '', '', '', NULL, '', 14, 9, 10, 3),
(493, 'Аксессуары для ванны и туалета', '', '', '', '', NULL, '', 14, 11, 12, 3),
(494, 'Товары для офиса', '', '', '', '', NULL, '', 14, 14, 27, 2),
(495, 'Жалюзи и шторы', '', '', '', '', NULL, '', 14, 15, 16, 3),
(496, 'Аксессуары для офиса', '', '', '', '', NULL, '', 14, 17, 18, 3),
(497, 'Канцелярские товары', '', '', '', '', NULL, '', 14, 19, 20, 3),
(498, 'Сейфы, несгораемы шкафы', '', '', '', '', NULL, '', 14, 21, 22, 3),
(499, 'Презентационное оборудование', '', '', '', '', NULL, '', 14, 23, 24, 3),
(500, 'Калькуляторы, записные книжки', '', '', '', '', NULL, '', 14, 25, 26, 3),
(501, 'Клининговые услуги', '', '', '', '', NULL, '', 14, 28, 29, 2),
(502, 'Детский мир', '', '', '', '', NULL, '', 15, 1, 34, 1),
(503, 'Товары для детей', '', '', '', '', NULL, '', 15, 2, 31, 2),
(504, 'Одежда для девочек', '', '', '', '', NULL, '', 15, 3, 4, 3),
(505, 'Одежда для мальчиков', '', '', '', '', NULL, '', 15, 5, 6, 3),
(506, 'Детская обувь', '', '', '', '', NULL, '', 15, 7, 8, 3),
(507, 'Одежда и обувь для новорожденных', '', '', '', '', NULL, '', 15, 9, 10, 3),
(508, 'Карнавальные костюмы', '', '', '', '', NULL, '', 15, 11, 12, 3),
(509, 'Самокаты, ролики, лыжи', '', '', '', '', NULL, '', 15, 13, 14, 3),
(510, 'Коляски', '', '', '', '', NULL, '', 15, 15, 16, 3),
(511, 'Игрушки', '', '', '', '', NULL, '', 15, 17, 18, 3),
(512, 'Мебель для детей', '', '', '', '', NULL, '', 15, 19, 20, 3),
(513, 'Разное', '', '', '', '', NULL, '', 15, 21, 22, 3),
(514, 'Ходунки, слинги и манежи', '', '', '', '', NULL, '', 15, 23, 24, 3),
(515, 'Предметы ухода и гигиены', '', '', '', '', NULL, '', 15, 25, 26, 3),
(516, 'Автокресла', '', '', '', '', NULL, '', 15, 27, 28, 3),
(517, 'Питание и аксессуары для питания', '', '', '', '', NULL, '', 15, 29, 30, 3),
(518, 'Образование и няни', '', '', '', '', NULL, '', 15, 32, 33, 2),
(519, 'Сельское хозяйство', '', '', '', '', NULL, '', 16, 1, 56, 1),
(520, 'Животные', '', '', '', '', NULL, '', 16, 2, 13, 2),
(521, 'Животноводство', '', '', '', '', NULL, '', 16, 3, 4, 3),
(522, 'Птицеводство', '', '', '', '', NULL, '', 16, 5, 6, 3),
(523, 'Пчеловодство и мед', '', '', '', '', NULL, '', 16, 7, 8, 3),
(524, 'Корма для животных', '', '', '', '', NULL, '', 16, 9, 10, 3),
(525, 'Рыбоводство', '', '', '', '', NULL, '', 16, 11, 12, 3),
(526, 'Растения', '', '', '', '', NULL, '', 16, 14, 19, 2),
(527, 'Удобрения и химикаты', '', '', '', '', NULL, '', 16, 15, 16, 3),
(528, 'Семена, рассада, саженцы', '', '', '', '', NULL, '', 16, 17, 18, 3),
(529, 'Инвентарь', '', '', '', '', NULL, '', 16, 20, 29, 2),
(530, 'Оборудование', '', '', '', '', NULL, '', 16, 21, 22, 3),
(531, 'Насосы и помпы', '', '', '', '', NULL, '', 16, 23, 24, 3),
(532, 'Дрова, уголь, горючее', '', '', '', '', NULL, '', 16, 25, 26, 3),
(533, 'Инструменты', '', '', '', '', NULL, '', 16, 27, 28, 3),
(534, 'Сельхозтехника', '', '', '', '', NULL, '', 16, 30, 31, 2),
(535, 'Сельхозпродукция', '', '', '', '', NULL, '', 16, 32, 53, 2),
(536, 'Ягоды и грибы', '', '', '', '', NULL, '', 16, 33, 34, 3),
(537, 'Сухофрукты', '', '', '', '', NULL, '', 16, 35, 36, 3),
(538, 'Овощи и Фрукты', '', '', '', '', NULL, '', 16, 37, 38, 3),
(539, 'Молочная продукция', '', '', '', '', NULL, '', 16, 39, 40, 3),
(540, 'Зерно, крупы, мука', '', '', '', '', NULL, '', 16, 41, 42, 3),
(541, 'Вино и напитки', '', '', '', '', NULL, '', 16, 43, 44, 3),
(542, 'Масло', '', '', '', '', NULL, '', 16, 45, 46, 3),
(543, 'Орехи', '', '', '', '', NULL, '', 16, 47, 48, 3),
(544, 'Яйца', '', '', '', '', NULL, '', 16, 49, 50, 3),
(545, 'Мясо, птица, рыба', '', '', '', '', NULL, '', 16, 51, 52, 3),
(546, 'Сельхоз Услуги', '', '', '', '', NULL, '', 16, 54, 55, 2),
(547, 'Питомцы и растения', '', '', '', '', NULL, '', 17, 1, 48, 1),
(548, 'Животные', '', '', '', '', NULL, '', 17, 2, 21, 2),
(549, 'Собаки', '', '', '', '', NULL, '', 17, 3, 4, 3),
(550, 'Кошки', '', '', '', '', NULL, '', 17, 5, 6, 3),
(551, 'Грызуны', '', '', '', '', NULL, '', 17, 7, 8, 3),
(552, 'Птицы', '', '', '', '', NULL, '', 17, 9, 10, 3),
(553, 'Рыбки', '', '', '', '', NULL, '', 17, 11, 12, 3),
(554, 'Экзотические животные', '', '', '', '', NULL, '', 17, 13, 14, 3),
(555, 'Другие животные', '', '', '', '', NULL, '', 17, 15, 16, 3),
(556, 'Корма', '', '', '', '', NULL, '', 17, 17, 18, 3),
(557, 'Аксессуары', '', '', '', '', NULL, '', 17, 19, 20, 3),
(558, 'Растения', '', '', '', '', NULL, '', 17, 22, 35, 2),
(559, 'Комнатные растения', '', '', '', '', NULL, '', 17, 23, 24, 3),
(560, 'Садовые растения', '', '', '', '', NULL, '', 17, 25, 26, 3),
(561, 'Горшки и подставки', '', '', '', '', NULL, '', 17, 27, 28, 3),
(562, 'Поливочные системы', '', '', '', '', NULL, '', 17, 29, 30, 3),
(563, 'Инвентарь', '', '', '', '', NULL, '', 17, 31, 32, 3),
(564, 'Удобрения и грунты', '', '', '', '', NULL, '', 17, 33, 34, 3),
(565, 'Услуги', '', '', '', '', NULL, '', 17, 36, 47, 2),
(566, 'Дрессировка', '', '', '', '', NULL, '', 17, 37, 38, 3),
(567, 'Уход за домашними питомцами', '', '', '', '', NULL, '', 17, 39, 40, 3),
(568, 'Питомники', '', '', '', '', NULL, '', 17, 41, 42, 3),
(569, 'Вязка', '', '', '', '', NULL, '', 17, 43, 44, 3),
(570, 'Ветеринарные услуги', '', '', '', '', NULL, '', 17, 45, 46, 3),
(571, 'Музыкальные инструменты', '', '', '', '', NULL, '', 18, 1, 50, 1),
(572, 'Музыкальные инструменты', '', '', '', '', NULL, '', 18, 2, 17, 2),
(573, 'Гитары', '', '', '', '', NULL, '', 18, 3, 4, 3),
(574, 'Гитарные аксессуары', '', '', '', '', NULL, '', 18, 5, 6, 3),
(575, 'Клавишные', '', '', '', '', NULL, '', 18, 7, 8, 3),
(576, 'Ударные', '', '', '', '', NULL, '', 18, 9, 10, 3),
(577, 'Струнные', '', '', '', '', NULL, '', 18, 11, 12, 3),
(578, 'Духовые', '', '', '', '', NULL, '', 18, 13, 14, 3),
(579, 'Аккордеоны и баяны', '', '', '', '', NULL, '', 18, 15, 16, 3),
(580, 'Услуги', '', '', '', '', NULL, '', 18, 18, 27, 2),
(581, 'Ремонт', '', '', '', '', NULL, '', 18, 19, 20, 3),
(582, 'Запись и сведение', '', '', '', '', NULL, '', 18, 21, 22, 3),
(583, 'Прокат', '', '', '', '', NULL, '', 18, 23, 24, 3),
(584, 'Обучение', '', '', '', '', NULL, '', 18, 25, 26, 3),
(585, 'Оборудование', '', '', '', '', NULL, '', 18, 28, 41, 2),
(586, 'Колонки и акустика', '', '', '', '', NULL, '', 18, 29, 30, 3),
(587, 'Усилители', '', '', '', '', NULL, '', 18, 31, 32, 3),
(588, 'Микрофоны, наушники', '', '', '', '', NULL, '', 18, 33, 34, 3),
(589, 'Микшеры', '', '', '', '', NULL, '', 18, 35, 36, 3),
(590, 'DJ оборудование', '', '', '', '', NULL, '', 18, 37, 38, 3),
(591, 'Сценическое оборудование', '', '', '', '', NULL, '', 18, 39, 40, 3),
(592, 'Аксессуары', '', '', '', '', NULL, '', 18, 42, 49, 2),
(593, 'Кейсы и чехлы', '', '', '', '', NULL, '', 18, 43, 44, 3),
(594, 'Стойки, рамы и стулья', '', '', '', '', NULL, '', 18, 45, 46, 3),
(595, 'Аксессуары и комплектующие', '', '', '', '', NULL, '', 18, 47, 48, 3),
(596, 'Знакомства и поздравления', '', '', '', '', NULL, '', 19, 1, 12, 1),
(597, 'Ищу женщину', '', '', '', '', NULL, '', 19, 2, 3, 2),
(598, 'Ищу мужчину', '', '', '', '', NULL, '', 19, 4, 5, 2),
(599, 'Ищу друзей', '', '', '', '', NULL, '', 19, 6, 7, 2),
(600, 'Пара познакомится', '', '', '', '', NULL, '', 19, 8, 9, 2),
(601, 'Брачные агентства', '', '', '', '', NULL, '', 19, 10, 11, 2);

-- --------------------------------------------------------

--
-- Структура таблицы `company`
--

CREATE TABLE `company` (
  `id` int(11) NOT NULL,
  `user_id` int(11) NOT NULL,
  `profile_id` int(11) NOT NULL,
  `name` varchar(400) NOT NULL,
  `address` varchar(400) NOT NULL,
  `description` varchar(400) NOT NULL,
  `gallery_id` int(11) NOT NULL
) ENGINE=MyISAM DEFAULT CHARSET=utf8;

-- --------------------------------------------------------

--
-- Структура таблицы `config`
--

CREATE TABLE `config` (
  `key` varchar(100) NOT NULL,
  `value` text
) ENGINE=MyISAM DEFAULT CHARSET=utf8;

-- --------------------------------------------------------

--
-- Структура таблицы `favorites`
--

CREATE TABLE `favorites` (
  `id` int(11) NOT NULL,
  `user_id` int(11) NOT NULL DEFAULT '0',
  `obj_id` int(11) NOT NULL DEFAULT '0',
  `obj_type` int(11) NOT NULL DEFAULT '0'
) ENGINE=MyISAM DEFAULT CHARSET=utf8;

--
-- Дамп данных таблицы `favorites`
--

INSERT INTO `favorites` (`id`, `user_id`, `obj_id`, `obj_type`) VALUES
(2, 1, 410, 0),
(8, 1, 413, 0);

-- --------------------------------------------------------

--
-- Структура таблицы `gallery`
--

CREATE TABLE `gallery` (
  `id` int(11) NOT NULL,
  `versions_data` varchar(125) DEFAULT NULL,
  `name` int(1) DEFAULT NULL,
  `description` int(1) DEFAULT NULL
) ENGINE=MyISAM DEFAULT CHARSET=utf8;

--
-- Дамп данных таблицы `gallery`
--

INSERT INTO `gallery` (`id`, `versions_data`, `name`, `description`) VALUES
(723, 'a:2:{s:5:"small";a:1:{s:15:"centeredpreview";a:2:{i:0;i:98;i:1;i:98;}}s:6:"medium";a:1:{s:6:"resize";a:2:{i:0;i:800;i:1;N;}}}', 0, 0),
(724, 'a:2:{s:5:"small";a:1:{s:15:"centeredpreview";a:2:{i:0;i:98;i:1;i:98;}}s:6:"medium";a:1:{s:6:"resize";a:2:{i:0;i:800;i:1;N;}}}', 0, 0),
(725, 'a:2:{s:5:"small";a:1:{s:15:"centeredpreview";a:2:{i:0;i:98;i:1;i:98;}}s:6:"medium";a:1:{s:6:"resize";a:2:{i:0;i:800;i:1;N;}}}', 0, 0),
(726, 'a:2:{s:5:"small";a:1:{s:15:"centeredpreview";a:2:{i:0;i:98;i:1;i:98;}}s:6:"medium";a:1:{s:6:"resize";a:2:{i:0;i:800;i:1;N;}}}', 0, 0),
(727, 'a:2:{s:5:"small";a:1:{s:15:"centeredpreview";a:2:{i:0;i:98;i:1;i:98;}}s:6:"medium";a:1:{s:6:"resize";a:2:{i:0;i:800;i:1;N;}}}', 0, 0),
(728, 'a:2:{s:5:"small";a:1:{s:15:"centeredpreview";a:2:{i:0;i:98;i:1;i:98;}}s:6:"medium";a:1:{s:6:"resize";a:2:{i:0;i:800;i:1;N;}}}', 0, 0),
(729, 'a:2:{s:5:"small";a:1:{s:15:"centeredpreview";a:2:{i:0;i:98;i:1;i:98;}}s:6:"medium";a:1:{s:6:"resize";a:2:{i:0;i:800;i:1;N;}}}', 0, 0),
(730, 'a:2:{s:5:"small";a:1:{s:15:"centeredpreview";a:2:{i:0;i:98;i:1;i:98;}}s:6:"medium";a:1:{s:6:"resize";a:2:{i:0;i:800;i:1;N;}}}', 0, 0),
(731, 'a:2:{s:5:"small";a:1:{s:15:"centeredpreview";a:2:{i:0;i:98;i:1;i:98;}}s:6:"medium";a:1:{s:6:"resize";a:2:{i:0;i:800;i:1;N;}}}', 0, 0),
(732, 'a:2:{s:5:"small";a:1:{s:6:"resize";a:2:{i:0;i:150;i:1;N;}}s:6:"medium";a:1:{s:6:"resize";a:2:{i:0;i:800;i:1;N;}}}', 0, 0),
(733, 'a:2:{s:5:"small";a:1:{s:15:"centeredpreview";a:2:{i:0;i:98;i:1;i:98;}}s:6:"medium";a:1:{s:6:"resize";a:2:{i:0;i:800;i:1;N;}}}', 0, 0),
(734, 'a:2:{s:5:"small";a:1:{s:15:"centeredpreview";a:2:{i:0;i:98;i:1;i:98;}}s:6:"medium";a:1:{s:6:"resize";a:2:{i:0;i:800;i:1;N;}}}', 0, 0),
(735, 'a:2:{s:5:"small";a:1:{s:15:"centeredpreview";a:2:{i:0;i:98;i:1;i:98;}}s:6:"medium";a:1:{s:6:"resize";a:2:{i:0;i:800;i:1;N;}}}', 0, 0),
(736, 'a:2:{s:5:"small";a:1:{s:15:"centeredpreview";a:2:{i:0;i:98;i:1;i:98;}}s:6:"medium";a:1:{s:6:"resize";a:2:{i:0;i:800;i:1;N;}}}', 0, 0),
(737, 'a:2:{s:5:"small";a:1:{s:15:"centeredpreview";a:2:{i:0;i:98;i:1;i:98;}}s:6:"medium";a:1:{s:6:"resize";a:2:{i:0;i:800;i:1;N;}}}', 0, 0),
(738, 'a:2:{s:5:"small";a:1:{s:15:"centeredpreview";a:2:{i:0;i:98;i:1;i:98;}}s:6:"medium";a:1:{s:6:"resize";a:2:{i:0;i:800;i:1;N;}}}', 0, 0),
(739, 'a:2:{s:5:"small";a:1:{s:6:"resize";a:2:{i:0;i:150;i:1;N;}}s:6:"medium";a:1:{s:6:"resize";a:2:{i:0;i:800;i:1;N;}}}', 0, 0),
(740, 'a:2:{s:5:"small";a:1:{s:15:"centeredpreview";a:2:{i:0;i:98;i:1;i:98;}}s:6:"medium";a:1:{s:6:"resize";a:2:{i:0;i:800;i:1;N;}}}', 0, 0),
(741, 'a:2:{s:5:"small";a:1:{s:6:"resize";a:2:{i:0;i:150;i:1;N;}}s:6:"medium";a:1:{s:6:"resize";a:2:{i:0;i:800;i:1;N;}}}', 0, 0),
(742, 'a:2:{s:5:"small";a:1:{s:15:"centeredpreview";a:2:{i:0;i:98;i:1;i:98;}}s:6:"medium";a:1:{s:6:"resize";a:2:{i:0;i:800;i:1;N;}}}', 0, 0),
(743, 'a:2:{s:5:"small";a:1:{s:15:"centeredpreview";a:2:{i:0;i:98;i:1;i:98;}}s:6:"medium";a:1:{s:6:"resize";a:2:{i:0;i:800;i:1;N;}}}', 0, 0),
(744, 'a:2:{s:5:"small";a:1:{s:6:"resize";a:2:{i:0;i:150;i:1;N;}}s:6:"medium";a:1:{s:6:"resize";a:2:{i:0;i:800;i:1;N;}}}', 0, 0),
(745, 'a:2:{s:5:"small";a:1:{s:15:"centeredpreview";a:2:{i:0;i:98;i:1;i:98;}}s:6:"medium";a:1:{s:6:"resize";a:2:{i:0;i:800;i:1;N;}}}', 0, 0),
(746, 'a:2:{s:5:"small";a:1:{s:6:"resize";a:2:{i:0;i:150;i:1;N;}}s:6:"medium";a:1:{s:6:"resize";a:2:{i:0;i:800;i:1;N;}}}', 0, 0),
(747, 'a:2:{s:5:"small";a:1:{s:15:"centeredpreview";a:2:{i:0;i:98;i:1;i:98;}}s:6:"medium";a:1:{s:6:"resize";a:2:{i:0;i:800;i:1;N;}}}', 0, 0),
(748, 'a:2:{s:5:"small";a:1:{s:6:"resize";a:2:{i:0;i:150;i:1;N;}}s:6:"medium";a:1:{s:6:"resize";a:2:{i:0;i:800;i:1;N;}}}', 0, 0),
(749, 'a:2:{s:5:"small";a:1:{s:15:"centeredpreview";a:2:{i:0;i:98;i:1;i:98;}}s:6:"medium";a:1:{s:6:"resize";a:2:{i:0;i:800;i:1;N;}}}', 0, 0),
(750, 'a:2:{s:5:"small";a:1:{s:15:"centeredpreview";a:2:{i:0;i:98;i:1;i:98;}}s:6:"medium";a:1:{s:6:"resize";a:2:{i:0;i:800;i:1;N;}}}', 0, 0),
(751, 'a:2:{s:5:"small";a:1:{s:15:"centeredpreview";a:2:{i:0;i:98;i:1;i:98;}}s:6:"medium";a:1:{s:6:"resize";a:2:{i:0;i:800;i:1;N;}}}', 0, 0),
(752, 'a:2:{s:5:"small";a:1:{s:15:"centeredpreview";a:2:{i:0;i:98;i:1;i:98;}}s:6:"medium";a:1:{s:6:"resize";a:2:{i:0;i:800;i:1;N;}}}', 0, 0),
(753, 'a:2:{s:5:"small";a:1:{s:15:"centeredpreview";a:2:{i:0;i:98;i:1;i:98;}}s:6:"medium";a:1:{s:6:"resize";a:2:{i:0;i:800;i:1;N;}}}', 0, 0),
(754, 'a:2:{s:5:"small";a:1:{s:15:"centeredpreview";a:2:{i:0;i:98;i:1;i:98;}}s:6:"medium";a:1:{s:6:"resize";a:2:{i:0;i:800;i:1;N;}}}', 0, 0),
(755, 'a:2:{s:5:"small";a:1:{s:15:"centeredpreview";a:2:{i:0;i:98;i:1;i:98;}}s:6:"medium";a:1:{s:6:"resize";a:2:{i:0;i:800;i:1;N;}}}', 0, 0),
(756, 'a:2:{s:5:"small";a:1:{s:6:"resize";a:2:{i:0;i:150;i:1;N;}}s:6:"medium";a:1:{s:6:"resize";a:2:{i:0;i:800;i:1;N;}}}', 0, 0),
(757, 'a:2:{s:5:"small";a:1:{s:15:"centeredpreview";a:2:{i:0;i:98;i:1;i:98;}}s:6:"medium";a:1:{s:6:"resize";a:2:{i:0;i:800;i:1;N;}}}', 0, 0),
(758, 'a:2:{s:5:"small";a:1:{s:6:"resize";a:2:{i:0;i:150;i:1;N;}}s:6:"medium";a:1:{s:6:"resize";a:2:{i:0;i:800;i:1;N;}}}', 0, 0),
(759, 'a:2:{s:5:"small";a:1:{s:15:"centeredpreview";a:2:{i:0;i:98;i:1;i:98;}}s:6:"medium";a:1:{s:6:"resize";a:2:{i:0;i:800;i:1;N;}}}', 0, 0),
(760, 'a:2:{s:5:"small";a:1:{s:6:"resize";a:2:{i:0;i:150;i:1;N;}}s:6:"medium";a:1:{s:6:"resize";a:2:{i:0;i:800;i:1;N;}}}', 0, 0),
(761, 'a:2:{s:5:"small";a:1:{s:15:"centeredpreview";a:2:{i:0;i:98;i:1;i:98;}}s:6:"medium";a:1:{s:6:"resize";a:2:{i:0;i:800;i:1;N;}}}', 0, 0),
(762, 'a:2:{s:5:"small";a:1:{s:6:"resize";a:2:{i:0;i:150;i:1;N;}}s:6:"medium";a:1:{s:6:"resize";a:2:{i:0;i:800;i:1;N;}}}', 0, 0),
(763, 'a:2:{s:5:"small";a:1:{s:15:"centeredpreview";a:2:{i:0;i:98;i:1;i:98;}}s:6:"medium";a:1:{s:6:"resize";a:2:{i:0;i:800;i:1;N;}}}', 0, 0),
(764, 'a:2:{s:5:"small";a:1:{s:6:"resize";a:2:{i:0;i:150;i:1;N;}}s:6:"medium";a:1:{s:6:"resize";a:2:{i:0;i:800;i:1;N;}}}', 0, 0),
(765, 'a:2:{s:5:"small";a:1:{s:15:"centeredpreview";a:2:{i:0;i:98;i:1;i:98;}}s:6:"medium";a:1:{s:6:"resize";a:2:{i:0;i:800;i:1;N;}}}', 0, 0),
(766, 'a:2:{s:5:"small";a:1:{s:6:"resize";a:2:{i:0;i:150;i:1;N;}}s:6:"medium";a:1:{s:6:"resize";a:2:{i:0;i:800;i:1;N;}}}', 0, 0);

-- --------------------------------------------------------

--
-- Структура таблицы `gallery_photo`
--

CREATE TABLE `gallery_photo` (
  `id` int(11) NOT NULL,
  `gallery_id` int(3) DEFAULT NULL,
  `rank` int(3) DEFAULT NULL,
  `name` varchar(10) DEFAULT NULL,
  `description` varchar(10) DEFAULT NULL,
  `file_name` varchar(7) DEFAULT NULL
) ENGINE=MyISAM DEFAULT CHARSET=utf8;

--
-- Дамп данных таблицы `gallery_photo`
--

INSERT INTO `gallery_photo` (`id`, `gallery_id`, `rank`, `name`, `description`, `file_name`) VALUES
(334, 732, 334, '', '', '871.jpg'),
(335, 732, 335, '', '', '872.jpg'),
(336, 732, 336, '', '', '873.jpg'),
(337, 732, 337, '', '', '874.jpg'),
(338, 739, 338, '', '', '07.jpg'),
(339, 739, 339, '', '', '2.jpg'),
(340, 739, 340, '', '', '5.Диало'),
(341, 741, 341, '', '', '07.jpg'),
(342, 741, 342, '', '', '2.jpg'),
(343, 741, 343, '', '', '5.Диало'),
(344, 744, 344, '', '', '258_par'),
(345, 746, 345, '', '', '1347962'),
(346, 748, 346, '', '', '1347962'),
(347, 756, 347, '', '', '275px-З'),
(348, 758, 348, '', '', '0_8b927'),
(349, 760, 349, '', '', '23fb422'),
(350, 762, 350, '', '', '480c5ab'),
(351, 764, 351, '', '', '3262bfe'),
(352, 766, 352, '', '', '1a27010');

-- --------------------------------------------------------

--
-- Структура таблицы `messages`
--

CREATE TABLE `messages` (
  `id` int(11) NOT NULL,
  `sender_id` int(11) NOT NULL,
  `receiver_id` int(11) NOT NULL,
  `message` text NOT NULL,
  `send_date` datetime NOT NULL,
  `read` tinyint(1) NOT NULL DEFAULT '0'
) ENGINE=MyISAM DEFAULT CHARSET=utf8;

--
-- Дамп данных таблицы `messages`
--

INSERT INTO `messages` (`id`, `sender_id`, `receiver_id`, `message`, `send_date`, `read`) VALUES
(1, 1, 2, 'Интересное предложение ', '2015-03-12 01:33:43', 0),
(2, 0, 2, 'sdfsdfsdfsdf', '2015-03-12 03:10:14', 0),
(3, 77, 7, 'Aster master', '2015-03-19 11:07:13', 0),
(4, 77, 9, 'papapapapa', '2015-03-19 11:07:52', 0),
(5, 77, 1, 'хорошее обьявление ', '2015-03-19 13:11:13', 0),
(6, 77, 1, 'Както так', '2015-03-19 13:12:53', 0),
(7, 1, 77, 'Ну да ', '2015-03-19 13:14:48', 0),
(8, 1, 2, 'ага ', '2015-03-20 23:27:32', 0),
(9, 1, 4, 'Привет ', '2015-03-29 11:10:43', 0),
(10, 1, 4, 'ну как ты ? ', '2015-03-29 11:10:52', 0);

-- --------------------------------------------------------

--
-- Структура таблицы `profiles`
--

CREATE TABLE `profiles` (
  `user_id` int(1) NOT NULL DEFAULT '0',
  `first_name` varchar(13) DEFAULT NULL,
  `last_name` varchar(5) DEFAULT NULL,
  `city` varchar(10) DEFAULT NULL,
  `url` varchar(10) DEFAULT NULL,
  `phone` varchar(10) DEFAULT NULL,
  `icq` varchar(10) DEFAULT NULL,
  `company` varchar(10) DEFAULT NULL,
  `about` varchar(10) DEFAULT NULL
) ENGINE=MyISAM DEFAULT CHARSET=utf8;

--
-- Дамп данных таблицы `profiles`
--

INSERT INTO `profiles` (`user_id`, `first_name`, `last_name`, `city`, `url`, `phone`, `icq`, `company`, `about`) VALUES
(1, 'Administrator', 'Admin', '', '', '', '', '', ''),
(2, '', '', '', '', '', '', '', '');

-- --------------------------------------------------------

--
-- Структура таблицы `reviews`
--

CREATE TABLE `reviews` (
  `id` int(11) NOT NULL,
  `profile_id` int(11) NOT NULL,
  `user_id` int(11) NOT NULL,
  `type` int(11) NOT NULL,
  `review` text NOT NULL,
  `vote` int(11) NOT NULL
) ENGINE=MyISAM DEFAULT CHARSET=utf8;

-- --------------------------------------------------------

--
-- Структура таблицы `users`
--

CREATE TABLE `users` (
  `id` int(11) NOT NULL,
  `username` varchar(30) DEFAULT NULL,
  `password` varchar(32) DEFAULT NULL,
  `email` varchar(21) DEFAULT NULL,
  `birthday` date NOT NULL,
  `location` varchar(200) NOT NULL,
  `skype` varchar(100) NOT NULL,
  `phone` varchar(100) NOT NULL,
  `contacts` text NOT NULL,
  `activkey` varchar(32) DEFAULT NULL,
  `superuser` int(1) DEFAULT NULL,
  `status` int(1) DEFAULT NULL,
  `create_at` varchar(19) DEFAULT NULL,
  `lastvisit_at` varchar(19) DEFAULT NULL,
  `identity` varchar(100) NOT NULL,
  `network` varchar(100) NOT NULL,
  `full_name` varchar(150) NOT NULL
) ENGINE=MyISAM DEFAULT CHARSET=utf8;

--
-- Дамп данных таблицы `users`
--

INSERT INTO `users` (`id`, `username`, `password`, `email`, `birthday`, `location`, `skype`, `phone`, `contacts`, `activkey`, `superuser`, `status`, `create_at`, `lastvisit_at`, `identity`, `network`, `full_name`) VALUES
(1, 'yboard', 'beb6b72231daafe7d913baa818a63f0c', 'webmaster@example.com', '0000-00-00', 'Россия', '', '+789654132132', 'таитситмит', 'c902179e0e5f1f39858c661a146c6586', 1, 1, '2013-03-04 14:46:10', '2016-11-14 12:24:57', '', '', ''),
(2, 'demo', 'fe01ce2a7fbac8fafaed7c982a04e229', 'demo@example.com', '0000-00-00', '', '', '', '', 'a512641e3a3df1caf3bab2f132794b9a', 0, 1, '2013-07-24 23:52:29', '2013-07-25 00:21:05', '', '', ''),
(4, 'vovik', NULL, ' vov4ik703@mail.ru', '0000-00-00', '', '', '', '', NULL, NULL, 1, '2015-02-14 12:00:00', NULL, '', '', ''),
(5, 'kweshkva', NULL, ' kwesh-kva@mail.ru', '0000-00-00', '', '', '', '', NULL, NULL, 1, '2015-02-14 12:00:00', NULL, '', '', ''),
(6, 'romanov', NULL, ' romanov160@mail.ru', '0000-00-00', '', '', '', '', NULL, NULL, -1, '2015-01-14 12:00:00', NULL, '', '', ''),
(7, 'conmackein', NULL, ' conmackein@mail.ru', '0000-00-00', '', '', '', '', NULL, NULL, 1, '2015-02-14 12:00:00', NULL, '', '', ''),
(8, 'der', NULL, ' der.77@mail.ru', '0000-00-00', '', '', '', '', NULL, NULL, 1, '2015-02-15 12:00:00', NULL, '', '', ''),
(9, 'karnaval', NULL, ' karnaval0@mail.ru', '0000-00-00', '', '', '', '', NULL, NULL, 1, '2015-03-14 12:00:00', NULL, '', '', ''),
(10, 'ivanvanivan', NULL, ' ivan_van_ivan93@mail', '0000-00-00', '', '', '', '', NULL, NULL, 1, '2014-09-14 12:00:00', NULL, '', '', ''),
(11, 'vic', NULL, ' vic17@bk.ru', '0000-00-00', '', '', '', '', NULL, NULL, 1, '2015-02-15 12:00:00', NULL, '', '', ''),
(12, 'ots', NULL, ' ots84@mail.ru', '0000-00-00', '', '', '', '', NULL, NULL, 1, '2015-02-16 12:00:00', NULL, '', '', ''),
(13, 'dindinkoko', NULL, ' dindinkoko@mail.ru', '0000-00-00', '', '', '', '', NULL, NULL, 1, '2015-02-17 12:00:00', NULL, '', '', ''),
(14, 'elvinbaik', NULL, ' elvin-baik@mail.ru', '0000-00-00', '', '', '', '', NULL, NULL, 1, '2015-02-18 12:00:00', NULL, '', '', ''),
(15, 'masterboks', NULL, ' masterboks@mail.ru', '0000-00-00', '', '', '', '', NULL, NULL, 1, '2015-02-19 12:00:00', NULL, '', '', ''),
(16, 'jojboy', NULL, ' jojboy@mail.ru', '0000-00-00', '', '', '', '', NULL, NULL, 1, '2015-02-14 12:00:00', NULL, '', '', ''),
(17, 'cgiirc', NULL, ' cgiirc@mail.ru', '0000-00-00', '', '', '', '', NULL, NULL, 1, '2015-02-14 12:00:00', NULL, '', '', ''),
(18, 'serityuk', NULL, ' serityuk@mail.ru', '0000-00-00', '', '', '', '', NULL, NULL, 1, '2015-02-14 12:00:00', NULL, '', '', ''),
(19, 'lehakvon', NULL, ' lehakvon@mail.ru', '0000-00-00', '', '', '', '', NULL, NULL, 1, '2015-02-14 12:00:00', NULL, '', '', ''),
(20, 'agst', NULL, ' 123ag@mail.ru', '0000-00-00', '', '', '', '', NULL, NULL, 1, '2015-02-14 12:00:00', NULL, '', '', ''),
(21, 'ivanroscan', NULL, ' ivanroscan@mail.ru', '0000-00-00', '', '', '', '', NULL, NULL, 1, '2015-02-14 12:00:00', NULL, '', '', ''),
(22, 'tcosum', NULL, ' tco99sum@mail.ru', '0000-00-00', '', '', '', '', NULL, NULL, 1, '2015-02-14 12:00:00', NULL, '', '', ''),
(23, 'rich', NULL, ' rich-3366@mail.ru', '0000-00-00', '', '', '', '', NULL, NULL, 1, '2015-02-14 12:00:00', NULL, '', '', ''),
(24, 'pudgido', NULL, ' pudgido@mail.ru', '0000-00-00', '', '', '', '', NULL, NULL, 1, '2015-02-14 12:00:00', NULL, '', '', ''),
(25, 'vkontakteshur', NULL, ' vkontakteshur12@mail', '0000-00-00', '', '', '', '', NULL, NULL, 1, '2015-02-14 12:00:00', NULL, '', '', ''),
(26, 'fomik', NULL, ' fomik777@mail.ru', '0000-00-00', '', '', '', '', NULL, NULL, 1, '2015-02-14 12:00:00', NULL, '', '', ''),
(27, 'pasha', NULL, ' pasha.91@inbox.ru', '0000-00-00', '', '', '', '', NULL, NULL, 1, '2015-02-14 12:00:00', NULL, '', '', ''),
(28, 'gjyznjq', NULL, ' gjyznjq@mail.ru', '0000-00-00', '', '', '', '', NULL, NULL, 1, '2015-02-14 12:00:00', NULL, '', '', ''),
(29, 'royak', NULL, ' royak75@mail.ru', '0000-00-00', '', '', '', '', NULL, NULL, 1, '2015-02-14 12:00:00', NULL, '', '', ''),
(30, 'snaas', NULL, ' snaas@mail.ru', '0000-00-00', '', '', '', '', NULL, NULL, 1, '2015-02-14 12:00:00', NULL, '', '', ''),
(31, 'zheniamonstr', NULL, ' zheniamonstr@mail.ru', '0000-00-00', '', '', '', '', NULL, NULL, 1, '2015-02-14 12:00:00', NULL, '', '', ''),
(32, 'maxrimar', NULL, ' max-rimar@mail.ru', '0000-00-00', '', '', '', '', NULL, NULL, 1, '2015-02-14 12:00:00', NULL, '', '', ''),
(33, 'andrykovan', NULL, ' andrykov_an@list.ru', '0000-00-00', '', '', '', '', NULL, NULL, 1, '2015-02-14 12:00:00', NULL, '', '', ''),
(34, 'sumka', NULL, ' sumka74@mail.ru', '0000-00-00', '', '', '', '', NULL, NULL, 1, '2015-02-14 12:00:00', NULL, '', '', ''),
(35, 'benzin', NULL, ' benzin53@mail.ru', '0000-00-00', '', '', '', '', NULL, NULL, 1, '2015-02-14 12:00:00', NULL, '', '', ''),
(36, 'prnlbnt', NULL, ' prnlbnt@mail.ru', '0000-00-00', '', '', '', '', NULL, NULL, 1, '2015-02-14 12:00:00', NULL, '', '', ''),
(37, 'simon', NULL, ' simon31@mail.ru', '0000-00-00', '', '', '', '', NULL, NULL, 1, '2015-02-14 12:00:00', NULL, '', '', ''),
(38, 'kyborg', NULL, ' kyborg1@mail.ru', '0000-00-00', '', '', '', '', NULL, NULL, 1, '2015-02-14 12:00:00', NULL, '', '', ''),
(39, 'combinik', NULL, ' combinik@mail.ru', '0000-00-00', '', '', '', '', NULL, NULL, 1, '2015-02-14 12:00:00', NULL, '', '', ''),
(40, 'pety', NULL, ' pety899@mail.ru', '0000-00-00', '', '', '', '', NULL, NULL, 1, '2015-02-14 12:00:00', NULL, '', '', ''),
(41, 'ma', NULL, ' ma8484@mail.ru', '0000-00-00', '', '', '', '', NULL, NULL, 1, '2015-02-14 12:00:00', NULL, '', '', ''),
(42, 'vekamera', NULL, ' vekamera@mail.ru', '0000-00-00', '', '', '', '', NULL, NULL, 1, '2015-02-14 12:00:00', NULL, '', '', ''),
(43, 'vasa', NULL, ' vasa-93-00@mail.ru', '0000-00-00', '', '', '', '', NULL, NULL, 1, '2015-02-14 12:00:00', NULL, '', '', ''),
(44, 'lively', NULL, ' lively10@mail.ru', '0000-00-00', '', '', '', '', NULL, NULL, 1, '2015-02-14 12:00:00', NULL, '', '', ''),
(45, 'kirilliypatenkov', NULL, ' kirilliypatenkov@mai', '0000-00-00', '', '', '', '', NULL, NULL, 1, '2015-02-14 12:00:00', NULL, '', '', ''),
(46, 'hoksix', NULL, ' hoksix@mail.ru', '0000-00-00', '', '', '', '', NULL, NULL, 1, '2015-02-14 12:00:00', NULL, '', '', ''),
(47, 'sash', NULL, ' sash_88@inbox.ru', '0000-00-00', '', '', '', '', NULL, NULL, 1, '2015-02-14 12:00:00', NULL, '', '', ''),
(48, 'ruskvartet', NULL, ' ruskvartet@mail.ru', '0000-00-00', '', '', '', '', NULL, NULL, 1, '2015-02-14 12:00:00', NULL, '', '', ''),
(49, 'iloveyoukris', NULL, ' i_love_you-kris@mail', '0000-00-00', '', '', '', '', NULL, NULL, 1, '2015-02-14 12:00:00', NULL, '', '', ''),
(50, 'yurec', NULL, ' yurec_-89@mail.ru', '0000-00-00', '', '', '', '', NULL, NULL, 1, '2015-02-14 12:00:00', NULL, '', '', ''),
(51, 'uwemobzfjkmxm', NULL, ' uwemobzfjkmxm@mail.r', '0000-00-00', '', '', '', '', NULL, NULL, 1, '2015-02-14 12:00:00', NULL, '', '', ''),
(52, 'tngvlks', NULL, ' tngvlks@mail.ru', '0000-00-00', '', '', '', '', NULL, NULL, 1, '2015-02-14 12:00:00', NULL, '', '', ''),
(53, 'qrbwzhpcfo', NULL, ' qrbwzhpcfo@mail.ru', '0000-00-00', '', '', '', '', NULL, NULL, 1, '2015-02-14 12:00:00', NULL, '', '', ''),
(54, 'elzomnzimm', NULL, ' elzomnzimm@mail.ru', '0000-00-00', '', '', '', '', NULL, NULL, 1, '2015-02-14 12:00:00', NULL, '', '', ''),
(55, 'udzhznuoqphwcsh', NULL, ' udzhznuoqphwcsh@mail', '0000-00-00', '', '', '', '', NULL, NULL, 1, '2015-02-14 12:00:00', NULL, '', '', ''),
(56, 'ryabov', NULL, 'ryabov.83@mail.ru', '0000-00-00', '', '', '', '', NULL, NULL, 1, '2015-02-14 12:00:00', NULL, '', '', ''),
(57, 'nbv5', NULL, 'n.nbv5@yandex.ru', '0000-00-00', '', '', '', '', NULL, NULL, 1, '2015-02-14 12:00:00', NULL, '', '', ''),
(58, 'GAVNIUK', NULL, 'bahtin221078@yandex.r', '0000-00-00', '', '', '', '', NULL, NULL, 1, '2015-02-14 12:00:00', NULL, '', '', ''),
(59, 'noynoy', NULL, 'sifard@mail.ru', '0000-00-00', '', '', '', '', NULL, NULL, 1, '2015-02-14 12:00:00', NULL, '', '', ''),
(60, 'Krima01', NULL, 'dimamovers@yahoo.ca', '0000-00-00', '', '', '', '', NULL, NULL, 1, '2015-02-14 12:00:00', NULL, '', '', ''),
(61, 'Histnik', NULL, 'histnik@inbox.lv', '0000-00-00', '', '', '', '', NULL, NULL, 1, '2015-02-14 12:00:00', NULL, '', '', ''),
(62, 'nt68', NULL, 'niktan1@bigmir.net', '0000-00-00', '', '', '', '', NULL, NULL, 1, '2015-02-14 12:00:00', NULL, '', '', ''),
(63, 'waldecir', NULL, 'waldecirnicolete@yaho', '0000-00-00', '', '', '', '', NULL, NULL, 1, '2015-02-14 12:00:00', NULL, '', '', ''),
(64, 'magenta', NULL, 'polo.777@inbox.ru', '0000-00-00', '', '', '', '', NULL, NULL, 1, '2015-02-14 12:00:00', NULL, '', '', ''),
(65, 'ROBSONe', NULL, 'robsone@mail.ru', '0000-00-00', '', '', '', '', NULL, NULL, 1, '2015-02-14 12:00:00', NULL, '', '', ''),
(66, 'maelname', NULL, 'silva.ru@list.ru', '0000-00-00', '', '', '', '', NULL, NULL, 1, '2015-02-14 12:00:00', NULL, '', '', ''),
(67, 'pozitive189', NULL, 'check-inonline@yandex', '0000-00-00', '', '', '', '', NULL, NULL, 1, '2015-02-14 12:00:00', NULL, '', '', ''),
(68, 'Lubawa', NULL, 'fcsci.28@bk.ru', '0000-00-00', '', '', '', '', NULL, NULL, 1, '2015-02-14 12:00:00', NULL, '', '', ''),
(69, 'galina', NULL, 'repchenko2005@mail.ru', '0000-00-00', '', '', '', '', NULL, NULL, 1, '2015-02-14 12:00:00', NULL, '', '', ''),
(70, 'sanny_ok', NULL, 'aleks_andrr@ukr.net', '0000-00-00', '', '', '', '', NULL, NULL, 1, '2015-02-14 12:00:00', NULL, '', '', ''),
(71, 'aleks34970', NULL, 'nahodkadona@yandex.ru', '0000-00-00', '', '', '', '', NULL, NULL, 1, '2015-02-14 12:00:00', NULL, '', '', ''),
(72, 'NEKURIM', NULL, 'nekurim@mail.ru', '0000-00-00', '', '', '', '', NULL, NULL, 1, '2015-02-14 12:00:00', NULL, '', '', ''),
(73, 'summer2012', NULL, 'koreanmen1980@gmail.c', '0000-00-00', '', '', '', '', NULL, NULL, 1, '2015-02-14 12:00:00', NULL, '', '', ''),
(74, 'bloodbastard', NULL, 'pasha_bes_balt@mail.r', '0000-00-00', '', '', '', '', NULL, NULL, 1, '2015-02-14 12:00:00', NULL, '', '', ''),
(75, 'lindamor', NULL, '4aokakao@gmail.com', '0000-00-00', '', '', '', '', NULL, NULL, 1, '2015-02-14 12:00:00', NULL, '', '', ''),
(76, 'tatiana', NULL, 'wzccsdfsdfsdf@mail.ru', '0000-00-00', '', '', '', '', NULL, NULL, 1, '2015-02-14 12:00:00', NULL, '', '', ''),
(77, 'Максим Углов', 'b8cfd36c855f1b040196e95e000922cd', 'wzcc@mail.ru', '2015-05-06', 'Россия', 'sdfsdfsdf', '+789654132132', '', NULL, 0, 1, '2015-03-15 19:22:42', NULL, 'http://vk.com/id6035846', 'vkontakte', 'Максим Углов'),
(78, 'aster', 'beb6b72231daafe7d913baa818a63f0c', 'kiu_@mail.ru', '0000-00-00', '', '', '', '', '0afacc0f40812ff65a244b11c773085d', 0, 0, '2015-03-19 18:33:18', '0000-00-00 00:00:00', '', '', ''),
(79, 'admin', 'beb6b72231daafe7d913baa818a63f0c', 'wzcc@mail.ru', '0000-00-00', '', '', '', '', '16d34548059c576a5a34c5fe380bcd6a', 1, 1, NULL, NULL, '', '', '');

--
-- Индексы сохранённых таблиц
--

--
-- Индексы таблицы `adverts`
--
ALTER TABLE `adverts`
  ADD PRIMARY KEY (`id`);

--
-- Индексы таблицы `article`
--
ALTER TABLE `article`
  ADD PRIMARY KEY (`id`),
  ADD KEY `lft` (`lft`),
  ADD KEY `rgt` (`rgt`),
  ADD KEY `level` (`level`),
  ADD KEY `name` (`name`);

--
-- Индексы таблицы `category`
--
ALTER TABLE `category`
  ADD PRIMARY KEY (`id`);

--
-- Индексы таблицы `company`
--
ALTER TABLE `company`
  ADD PRIMARY KEY (`id`);

--
-- Индексы таблицы `config`
--
ALTER TABLE `config`
  ADD PRIMARY KEY (`key`);

--
-- Индексы таблицы `favorites`
--
ALTER TABLE `favorites`
  ADD PRIMARY KEY (`id`);

--
-- Индексы таблицы `gallery`
--
ALTER TABLE `gallery`
  ADD PRIMARY KEY (`id`);

--
-- Индексы таблицы `gallery_photo`
--
ALTER TABLE `gallery_photo`
  ADD PRIMARY KEY (`id`);

--
-- Индексы таблицы `messages`
--
ALTER TABLE `messages`
  ADD PRIMARY KEY (`id`);

--
-- Индексы таблицы `profiles`
--
ALTER TABLE `profiles`
  ADD PRIMARY KEY (`user_id`);

--
-- Индексы таблицы `reviews`
--
ALTER TABLE `reviews`
  ADD PRIMARY KEY (`id`);

--
-- Индексы таблицы `users`
--
ALTER TABLE `users`
  ADD PRIMARY KEY (`id`);

--
-- AUTO_INCREMENT для сохранённых таблиц
--

--
-- AUTO_INCREMENT для таблицы `adverts`
--
ALTER TABLE `adverts`
  MODIFY `id` int(11) NOT NULL AUTO_INCREMENT, AUTO_INCREMENT=423;
--
-- AUTO_INCREMENT для таблицы `article`
--
ALTER TABLE `article`
  MODIFY `id` int(11) UNSIGNED NOT NULL AUTO_INCREMENT, AUTO_INCREMENT=3;
--
-- AUTO_INCREMENT для таблицы `category`
--
ALTER TABLE `category`
  MODIFY `id` int(11) NOT NULL AUTO_INCREMENT, AUTO_INCREMENT=602;
--
-- AUTO_INCREMENT для таблицы `company`
--
ALTER TABLE `company`
  MODIFY `id` int(11) NOT NULL AUTO_INCREMENT;
--
-- AUTO_INCREMENT для таблицы `favorites`
--
ALTER TABLE `favorites`
  MODIFY `id` int(11) NOT NULL AUTO_INCREMENT, AUTO_INCREMENT=9;
--
-- AUTO_INCREMENT для таблицы `gallery`
--
ALTER TABLE `gallery`
  MODIFY `id` int(11) NOT NULL AUTO_INCREMENT, AUTO_INCREMENT=767;
--
-- AUTO_INCREMENT для таблицы `gallery_photo`
--
ALTER TABLE `gallery_photo`
  MODIFY `id` int(11) NOT NULL AUTO_INCREMENT, AUTO_INCREMENT=353;
--
-- AUTO_INCREMENT для таблицы `messages`
--
ALTER TABLE `messages`
  MODIFY `id` int(11) NOT NULL AUTO_INCREMENT, AUTO_INCREMENT=11;
--
-- AUTO_INCREMENT для таблицы `reviews`
--
ALTER TABLE `reviews`
  MODIFY `id` int(11) NOT NULL AUTO_INCREMENT;
--
-- AUTO_INCREMENT для таблицы `users`
--
ALTER TABLE `users`
  MODIFY `id` int(11) NOT NULL AUTO_INCREMENT, AUTO_INCREMENT=80;
/*!40101 SET CHARACTER_SET_CLIENT=@OLD_CHARACTER_SET_CLIENT */;
/*!40101 SET CHARACTER_SET_RESULTS=@OLD_CHARACTER_SET_RESULTS */;
/*!40101 SET COLLATION_CONNECTION=@OLD_COLLATION_CONNECTION */;
